CustomerID,Age,Gender,AnnualIncome,TenureMonths,PurchaseFrequency,AvgOrderValue,Churn
CUST-10000,56.0,Male,32492.66,23,5,198.53,1
CUST-10001,69.0,Male,65881.28,16,9,181.06,0
CUST-10002,46.0,Female,70882.0,61,15,54.89,0
CUST-10003,32.0,Other,46862.37,68,3,180.01,1
CUST-10004,60.0,Male,46539.24,31,3,157.35,1
CUST-10005,,Female,59785.81,53,9,121.42,0
CUST-10006,38.0,Male,47139.04,25,3,91.96,0
CUST-10007,56.0,Female,53809.61,44,3,104.68,0
CUST-10008,36.0,Male,92794.99,12,8,75.1,0
CUST-10009,40.0,Male,50553.54,9,5,161.86,1
CUST-10010,28.0,Female,48549.88,12,8,165.18,0
CUST-10011,28.0,Male,43344.25,69,3,40.29,1
CUST-10012,41.0,Female,68395.46,54,10,241.28,0
CUST-10013,53.0,Female,51737.96,54,4,175.42,0
CUST-10014,57.0,Female,43311.29,28,7,52.29,0
CUST-10015,41.0,Male,78783.47,56,8,104.04,1
CUST-10016,20.0,Male,80552.85,69,9,45.87,0
CUST-10017,39.0,Male,44192.38,58,8,97.8,1
CUST-10018,19.0,,21402.28,42,9,157.57,0
CUST-10019,41.0,Female,73135.25,38,8,47.99,0
CUST-10020,61.0,Female,42676.66,68,5,107.33,0
CUST-10021,47.0,Female,69231.26,53,8,151.2,0
CUST-10022,55.0,Female,19538.13,33,6,77.6,1
CUST-10023,19.0,Female,71066.75,71,4,128.33,0
CUST-10024,38.0,Male,33198.91,56,9,117.96,1
CUST-10025,50.0,Female,68153.75,51,6,124.75,0
CUST-10026,29.0,Male,55256.92,43,2,85.15,0
CUST-10027,39.0,Female,37829.09,15,8,96.62,0
CUST-10028,61.0,Female,47673.35,38,8,93.62,0
CUST-10029,,Female,67353.73,15,12,112.93,0
CUST-10030,66.0,Male,56906.1,5,5,41.36,0
CUST-10031,44.0,Male,65519.43,54,6,89.65,0
CUST-10032,59.0,Male,90575.93,51,7,188.2,0
CUST-10033,45.0,Male,26843.65,10,6,61.02,1
CUST-10034,33.0,Male,84109.83,12,7,158.13,0
CUST-10035,32.0,Female,56878.41,4,9,134.48,0
CUST-10036,64.0,Female,38821.89,18,6,97.22,0
CUST-10037,68.0,Male,31054.35,36,12,108.39,0
CUST-10038,61.0,Male,51595.83,25,3,120.55,1
CUST-10039,69.0,Male,71589.7,36,2,87.04,0
CUST-10040,20.0,Female,52704.12,67,8,32.8,0
CUST-10041,54.0,Female,82200.79,9,9,110.22,0
CUST-10042,68.0,Female,28878.84,61,10,49.24,0
CUST-10043,24.0,Female,54782.4,53,6,77.51,1
CUST-10044,38.0,,32456.92,18,7,90.19,0
CUST-10045,26.0,Female,61545.37,43,7,107.79,0
CUST-10046,56.0,Male,70963.97,35,6,114.18,0
CUST-10047,35.0,Female,47426.29,63,8,50.56,1
CUST-10048,21.0,Male,15000.0,4,8,57.64,1
CUST-10049,42.0,Female,58581.07,41,7,107.3,0
CUST-10050,31.0,Male,62861.29,45,6,132.22,0
CUST-10051,67.0,Female,62277.31,50,6,84.07,0
CUST-10052,26.0,Female,77244.08,28,7,92.94,0
CUST-10053,43.0,Female,35721.03,42,6,41.9,0
CUST-10054,19.0,Female,67243.89,69,6,118.7,0
CUST-10055,37.0,Male,76465.14,1,5,116.22,1
CUST-10056,,Male,22985.42,39,7,143.09,0
CUST-10057,,Male,60753.73,17,6,91.68,1
CUST-10058,24.0,Male,45924.76,35,1,206.12,1
CUST-10059,61.0,Female,,46,6,70.89,0
CUST-10060,25.0,Male,61258.18,42,4,98.3,0
CUST-10061,64.0,Other,46229.89,39,8,198.85,0
CUST-10062,52.0,Female,42837.25,49,5,142.01,0
CUST-10063,31.0,Female,55614.74,62,1,100.51,0
CUST-10064,34.0,Male,35429.57,38,6,69.99,1
CUST-10065,53.0,Female,35455.15,23,11,44.17,1
CUST-10066,,Female,67228.72,22,5,55.05,1
CUST-10067,57.0,Female,34321.71,4,5,67.0,0
CUST-10068,21.0,Female,66993.63,49,9,143.4,0
CUST-10069,19.0,Female,63326.64,59,3,146.64,0
CUST-10070,23.0,Male,23935.48,68,6,225.86,1
CUST-10071,59.0,Female,42803.84,71,7,94.78,1
CUST-10072,21.0,Male,76493.97,2,5,79.11,1
CUST-10073,46.0,Male,37339.02,49,4,113.6,0
CUST-10074,35.0,Male,46640.72,31,8,74.56,0
CUST-10075,43.0,Male,63317.1,40,10,63.68,0
CUST-10076,61.0,Male,,48,4,60.96,0
CUST-10077,51.0,Male,50472.3,51,8,150.84,1
CUST-10078,27.0,Other,44244.82,43,9,38.64,0
CUST-10079,53.0,Female,80602.66,55,7,101.12,0
CUST-10080,31.0,Other,86300.19,49,9,117.6,0
CUST-10081,48.0,Male,72619.44,57,5,73.94,0
CUST-10082,65.0,Male,56535.73,15,5,123.51,0
CUST-10083,32.0,Female,40451.22,27,3,176.32,0
CUST-10084,25.0,Male,40052.0,68,3,60.7,1
CUST-10085,31.0,Male,64405.25,64,9,92.79,0
CUST-10086,40.0,Female,62531.17,30,5,67.75,0
CUST-10087,57.0,Male,80228.77,36,9,59.98,0
CUST-10088,38.0,Female,66708.1,67,7,141.48,0
CUST-10089,33.0,Female,27944.55,49,10,91.43,1
CUST-10090,62.0,Male,,55,4,171.8,0
CUST-10091,35.0,Male,37034.91,56,5,36.05,0
CUST-10092,64.0,Female,48088.52,68,2,84.96,1
CUST-10093,41.0,Male,59503.6,44,8,70.94,0
CUST-10094,43.0,Male,90922.01,31,7,36.52,0
CUST-10095,42.0,,110978.53,58,9,109.44,0
CUST-10096,62.0,Male,65921.02,53,6,88.11,0
CUST-10097,58.0,Female,51702.46,23,6,105.07,0
CUST-10098,46.0,,64621.1,28,7,66.12,0
CUST-10099,32.0,Male,70977.8,16,7,131.32,1
CUST-10100,62.0,Male,49227.98,37,6,213.0,0
CUST-10101,18.0,Male,,21,3,98.08,1
CUST-10102,42.0,Male,59141.27,17,3,80.14,0
CUST-10103,,Male,63959.38,37,7,95.42,0
CUST-10104,26.0,Female,66986.64,19,4,103.76,1
CUST-10105,41.0,Male,62588.56,30,2,39.0,1
CUST-10106,18.0,Female,70100.93,45,9,125.97,0
CUST-10107,61.0,,43889.44,18,2,85.69,1
CUST-10108,25.0,Female,44950.57,62,8,117.01,0
CUST-10109,41.0,Female,35197.22,36,6,137.96,1
CUST-10110,28.0,Male,62911.02,52,6,233.32,0
CUST-10111,68.0,Female,69020.86,19,3,102.58,0
CUST-10112,34.0,Female,63239.91,44,7,90.13,0
CUST-10113,25.0,Male,85140.86,7,4,72.51,1
CUST-10114,52.0,Male,54899.27,44,5,78.28,1
CUST-10115,52.0,Female,67037.35,68,4,133.49,0
CUST-10116,50.0,Male,35349.38,34,9,52.19,0
CUST-10117,22.0,Male,48032.21,66,7,130.67,0
CUST-10118,59.0,Male,67519.68,69,3,100.02,0
CUST-10119,56.0,Male,70283.84,55,6,122.69,0
CUST-10120,58.0,Female,49708.59,10,6,111.78,0
CUST-10121,45.0,Female,53711.21,42,2,135.02,1
CUST-10122,24.0,Female,27678.27,41,8,106.74,1
CUST-10123,26.0,Male,48573.47,69,7,114.18,0
CUST-10124,25.0,Male,71026.9,10,8,106.72,0
CUST-10125,29.0,Female,65353.69,10,7,134.08,0
CUST-10126,51.0,Male,64011.98,60,8,76.26,0
CUST-10127,50.0,Male,55895.93,51,6,59.86,0
CUST-10128,65.0,Female,55127.14,21,5,291.27,1
CUST-10129,40.0,Male,43114.22,8,8,127.05,0
CUST-10130,41.0,Female,67578.91,65,7,127.08,0
CUST-10131,54.0,Male,62577.51,30,7,79.69,1
CUST-10132,52.0,Male,,49,2,267.67,0
CUST-10133,,Male,45531.37,9,10,49.88,0
CUST-10134,,Other,16239.83,17,5,53.67,0
CUST-10135,39.0,Female,74748.75,69,5,79.93,1
CUST-10136,44.0,Other,46380.93,58,6,88.63,1
CUST-10137,52.0,Female,,57,11,132.34,0
CUST-10138,,Male,67482.62,62,5,133.92,0
CUST-10139,52.0,Female,47943.77,52,5,51.1,0
CUST-10140,54.0,Male,74078.85,61,1,87.19,0
CUST-10141,64.0,Female,,40,6,90.0,0
CUST-10142,31.0,Male,67304.25,38,10,113.66,0
CUST-10143,,Female,30412.8,43,11,147.93,0
CUST-10144,18.0,Male,76814.99,63,5,52.41,0
CUST-10145,22.0,Male,59702.51,19,2,74.87,0
CUST-10146,43.0,Female,,50,7,32.7,0
CUST-10147,31.0,Male,57580.99,33,6,113.76,1
CUST-10148,56.0,Male,23027.77,13,4,100.35,0
CUST-10149,44.0,Male,62355.75,62,9,88.98,0
CUST-10150,26.0,Male,36471.31,43,6,138.89,0
CUST-10151,32.0,Female,30651.93,49,1,151.94,1
CUST-10152,32.0,Female,27597.53,36,6,148.05,0
CUST-10153,43.0,Other,75028.39,10,5,53.43,0
CUST-10154,59.0,Female,43673.26,6,6,76.07,1
CUST-10155,30.0,Male,82607.1,57,4,101.61,0
CUST-10156,68.0,Female,45355.57,1,9,82.2,1
CUST-10157,49.0,Male,24267.56,71,4,177.4,0
CUST-10158,56.0,Male,34902.56,58,4,148.98,0
CUST-10159,66.0,Female,77244.61,21,7,87.17,0
CUST-10160,69.0,Male,52193.83,56,3,81.42,0
CUST-10161,49.0,Female,45130.83,20,7,62.05,1
CUST-10162,21.0,Male,,54,5,123.13,0
CUST-10163,47.0,Female,64032.09,25,6,129.49,0
CUST-10164,54.0,Female,75113.18,28,6,46.08,0
CUST-10165,40.0,Female,81072.99,5,9,43.1,0
CUST-10166,56.0,Female,,21,6,53.5,0
CUST-10167,62.0,Female,31131.14,18,7,164.46,1
CUST-10168,32.0,Male,47557.63,47,9,146.74,0
CUST-10169,60.0,Female,59685.05,70,5,102.59,1
CUST-10170,46.0,Male,37652.34,57,3,105.57,1
CUST-10171,53.0,Female,37771.28,19,11,44.09,0
CUST-10172,30.0,Female,61188.18,65,9,205.8,0
CUST-10173,49.0,Female,54124.26,3,6,161.07,0
CUST-10174,24.0,Male,55590.35,42,14,86.57,1
CUST-10175,68.0,Male,41347.08,21,6,220.75,0
CUST-10176,39.0,Female,50852.79,40,4,111.53,0
CUST-10177,45.0,Male,38363.8,67,10,76.04,0
CUST-10178,19.0,Male,71023.57,25,8,90.19,0
CUST-10179,59.0,Male,73634.49,55,4,53.99,0
CUST-10180,62.0,Other,21768.62,52,5,92.17,0
CUST-10181,23.0,Female,38268.8,44,9,63.81,0
CUST-10182,45.0,Male,28062.47,56,9,1300.0,0
CUST-10183,45.0,Male,43299.57,55,7,130.44,0
CUST-10184,61.0,Male,53498.12,70,11,57.89,0
CUST-10185,61.0,Female,28906.39,66,6,72.12,0
CUST-10186,37.0,Female,38406.52,19,7,30.99,0
CUST-10187,47.0,Male,,7,4,62.72,1
CUST-10188,28.0,Male,58730.81,63,6,143.52,1
CUST-10189,45.0,Male,56248.2,42,5,136.38,0
CUST-10190,42.0,Female,42008.72,42,7,89.31,0
CUST-10191,56.0,Female,58182.78,59,7,107.83,0
CUST-10192,50.0,Male,45159.76,20,6,38.36,0
CUST-10193,18.0,Male,50110.21,17,11,60.43,0
CUST-10194,44.0,Male,85122.14,27,7,54.8,1
CUST-10195,69.0,Other,,47,7,128.39,0
CUST-10196,30.0,Male,31607.54,2,6,66.95,1
CUST-10197,58.0,Female,69935.18,63,5,84.82,0
CUST-10198,20.0,Female,69605.14,62,2,166.31,0
CUST-10199,56.0,Male,34331.26,19,4,65.66,1
CUST-10200,23.0,Male,69738.0,17,4,43.92,0
CUST-10201,25.0,Male,,69,5,32.02,0
CUST-10202,44.0,Female,34794.19,39,8,151.08,0
CUST-10203,26.0,Female,38484.95,71,6,59.86,0
CUST-10204,54.0,Female,73317.91,39,5,184.07,1
CUST-10205,50.0,Female,59886.92,36,10,86.52,0
CUST-10206,68.0,Male,64926.57,40,1,50.79,1
CUST-10207,59.0,Other,61130.61,45,13,118.8,0
CUST-10208,61.0,Female,62032.53,4,9,118.82,1
CUST-10209,41.0,Male,31123.5,25,9,137.88,0
CUST-10210,32.0,Other,73851.72,69,6,63.89,0
CUST-10211,49.0,Female,76052.62,30,7,72.6,0
CUST-10212,49.0,Female,50870.97,68,8,63.06,0
CUST-10213,41.0,Female,54217.41,29,10,114.28,0
CUST-10214,58.0,Female,27440.06,68,3,70.47,0
CUST-10215,69.0,Female,64256.59,51,8,106.09,1
CUST-10216,66.0,Male,65297.03,24,6,45.3,0
CUST-10217,66.0,Male,53880.56,14,6,106.37,0
CUST-10218,69.0,Female,75238.36,69,4,102.71,0
CUST-10219,29.0,Male,48986.61,18,6,63.38,0
CUST-10220,56.0,Male,65162.91,42,6,102.36,1
CUST-10221,19.0,Male,36646.04,57,5,44.71,0
CUST-10222,20.0,Male,54576.06,12,9,74.12,0
CUST-10223,66.0,Female,51861.62,17,7,55.7,0
CUST-10224,54.0,Female,59055.54,30,5,98.84,1
CUST-10225,66.0,Male,48348.52,23,7,78.33,0
CUST-10226,34.0,Male,52633.49,1,8,123.88,0
CUST-10227,66.0,Male,69868.85,32,5,59.38,1
CUST-10228,19.0,Female,47138.24,9,4,69.35,0
CUST-10229,,Female,26081.61,15,5,51.32,1
CUST-10230,45.0,Male,86492.51,28,9,189.81,0
CUST-10231,40.0,Female,79866.17,24,8,25.74,0
CUST-10232,54.0,Female,31739.27,60,6,163.51,0
CUST-10233,49.0,Female,67414.74,35,5,166.85,0
CUST-10234,50.0,Female,45946.45,27,1,76.76,1
CUST-10235,18.0,Male,59742.77,20,3,66.32,0
CUST-10236,36.0,Female,60296.03,65,7,88.08,0
CUST-10237,19.0,Male,50780.66,49,10,56.42,0
CUST-10238,61.0,Female,40892.22,1,6,77.27,1
CUST-10239,43.0,Female,,10,3,140.87,0
CUST-10240,49.0,Female,38508.55,47,6,40.42,0
CUST-10241,23.0,Female,,59,5,120.33,0
CUST-10242,49.0,Male,,62,5,85.75,0
CUST-10243,21.0,Female,42116.32,18,9,222.18,0
CUST-10244,28.0,,67276.94,46,6,92.71,0
CUST-10245,34.0,Female,81770.43,32,7,60.2,0
CUST-10246,55.0,Male,44559.04,27,8,74.57,0
CUST-10247,41.0,Male,59309.28,18,4,76.81,0
CUST-10248,22.0,Male,63994.33,39,4,163.23,1
CUST-10249,69.0,Female,63496.04,49,5,88.63,1
CUST-10250,51.0,Female,56367.19,44,11,101.02,0
CUST-10251,23.0,Male,68368.28,54,4,76.64,1
CUST-10252,39.0,Female,63680.48,34,6,56.62,0
CUST-10253,,Female,32722.08,71,9,41.71,0
CUST-10254,,Female,70644.81,36,3,168.51,1
CUST-10255,33.0,Female,70971.24,18,8,103.07,0
CUST-10256,50.0,Female,41260.85,38,4,77.98,0
CUST-10257,26.0,Female,,59,7,92.25,0
CUST-10258,23.0,Male,67299.92,9,5,96.7,1
CUST-10259,33.0,Female,51232.35,51,6,131.87,0
CUST-10260,46.0,Female,74313.6,35,7,54.43,0
CUST-10261,20.0,Female,97549.7,5,7,850.0,0
CUST-10262,,Female,40852.25,14,6,74.63,0
CUST-10263,53.0,Female,30141.2,30,5,100.88,0
CUST-10264,36.0,Male,60468.73,4,2,50.03,1
CUST-10265,43.0,Male,67988.13,39,6,49.51,0
CUST-10266,20.0,Male,50844.41,64,2,49.35,0
CUST-10267,36.0,Male,81158.69,25,6,35.93,1
CUST-10268,37.0,Female,30905.1,28,1,106.85,1
CUST-10269,49.0,,67472.54,66,13,89.71,0
CUST-10270,24.0,Male,44094.51,22,7,79.57,1
CUST-10271,69.0,Male,85948.8,31,6,52.62,0
CUST-10272,58.0,Female,90865.28,23,5,171.78,1
CUST-10273,50.0,Male,41200.18,48,3,30.42,1
CUST-10274,57.0,Female,45107.97,20,7,121.38,0
CUST-10275,56.0,Female,70472.58,38,7,52.32,0
CUST-10276,35.0,Female,,55,3,117.18,1
CUST-10277,57.0,Male,54182.6,68,4,150.91,0
CUST-10278,18.0,Male,55456.99,1,7,64.89,1
CUST-10279,28.0,Female,,7,4,45.99,0
CUST-10280,45.0,Female,54750.92,57,3,49.98,0
CUST-10281,42.0,Male,42584.9,12,10,90.98,0
CUST-10282,67.0,Female,46123.79,5,6,91.05,0
CUST-10283,40.0,Male,80985.38,50,8,62.33,0
CUST-10284,48.0,Female,32382.88,42,8,218.27,0
CUST-10285,47.0,Male,69637.69,12,2,111.82,0
CUST-10286,59.0,Other,49978.67,18,8,61.18,0
CUST-10287,52.0,Male,,66,4,119.22,0
CUST-10288,24.0,Male,69226.69,17,5,48.87,0
CUST-10289,33.0,Male,61120.92,68,2,211.57,0
CUST-10290,43.0,Male,65271.03,71,5,82.7,0
CUST-10291,65.0,Female,72427.32,62,12,71.64,0
CUST-10292,69.0,,,41,8,130.04,0
CUST-10293,,Male,43979.74,34,6,73.42,1
CUST-10294,19.0,Male,35467.29,70,5,111.66,0
CUST-10295,18.0,Female,40142.61,45,9,131.26,0
CUST-10296,65.0,Female,108083.7,58,8,73.03,0
CUST-10297,29.0,Female,77404.23,51,4,129.51,0
CUST-10298,22.0,Male,30680.66,34,10,87.65,0
CUST-10299,54.0,Male,31195.76,44,7,113.77,0
CUST-10300,49.0,Female,63673.59,15,3,103.03,0
CUST-10301,26.0,Male,64850.77,70,6,170.93,0
CUST-10302,58.0,Female,64879.91,50,3,45.27,0
CUST-10303,,Male,50410.8,32,6,100.84,1
CUST-10304,36.0,Female,52741.82,67,12,52.35,0
CUST-10305,65.0,Male,60901.83,3,6,163.71,1
CUST-10306,33.0,Female,56546.07,51,1,74.37,0
CUST-10307,20.0,Female,15052.59,67,6,93.22,0
CUST-10308,37.0,Female,50863.61,48,5,55.47,1
CUST-10309,41.0,Male,39674.68,17,2,78.81,1
CUST-10310,50.0,Female,58153.81,7,8,42.27,0
CUST-10311,41.0,Female,108734.66,13,3,27.7,0
CUST-10312,69.0,Female,61614.67,66,12,115.72,0
CUST-10313,28.0,Female,49356.47,4,5,78.05,0
CUST-10314,66.0,Female,71592.43,10,7,95.23,0
CUST-10315,25.0,Female,63688.38,17,6,88.62,1
CUST-10316,53.0,Male,62561.7,52,6,73.03,0
CUST-10317,55.0,Female,65923.31,6,10,118.5,0
CUST-10318,57.0,Female,92017.78,69,5,157.62,0
CUST-10319,37.0,Male,34644.01,9,7,53.56,1
CUST-10320,52.0,Male,63525.38,21,5,111.12,0
CUST-10321,65.0,Male,38325.14,24,6,89.8,0
CUST-10322,42.0,Female,64999.23,4,3,135.93,0
CUST-10323,52.0,Female,38463.64,24,6,39.69,1
CUST-10324,42.0,Female,47487.4,59,4,47.91,0
CUST-10325,46.0,Female,49688.38,3,3,90.33,1
CUST-10326,35.0,Male,72564.7,68,8,140.29,1
CUST-10327,63.0,Male,71532.18,40,10,137.58,0
CUST-10328,35.0,Male,32577.09,48,10,117.94,0
CUST-10329,19.0,Male,55988.81,54,12,93.19,0
CUST-10330,52.0,Male,42227.56,35,9,103.3,0
CUST-10331,33.0,Male,32346.91,56,7,83.21,0
CUST-10332,58.0,Female,51093.69,40,4,109.63,1
CUST-10333,53.0,Female,49447.31,68,2,103.66,1
CUST-10334,50.0,,98680.9,46,3,115.51,0
CUST-10335,21.0,Female,62793.28,13,8,162.29,0
CUST-10336,50.0,Female,30202.88,27,7,40.3,1
CUST-10337,31.0,Male,44834.07,6,3,63.63,0
CUST-10338,38.0,Female,73384.9,17,5,98.44,0
CUST-10339,65.0,Female,92591.97,36,14,99.55,0
CUST-10340,37.0,Male,26452.3,2,6,88.39,0
CUST-10341,25.0,Male,21161.36,52,8,87.68,1
CUST-10342,24.0,Female,88677.37,66,6,213.43,0
CUST-10343,20.0,Male,62013.06,52,4,114.26,0
CUST-10344,34.0,Female,39370.73,43,7,30.73,1
CUST-10345,50.0,Female,64623.32,22,8,58.09,0
CUST-10346,65.0,Male,15000.0,55,4,165.85,0
CUST-10347,29.0,Male,55060.76,67,5,45.6,1
CUST-10348,68.0,Male,60900.78,60,4,85.74,0
CUST-10349,39.0,Male,71636.86,58,6,140.52,1
CUST-10350,39.0,Male,36749.87,12,2,85.78,0
CUST-10351,63.0,Female,56542.37,69,5,140.1,0
CUST-10352,47.0,Male,,39,3,103.05,0
CUST-10353,55.0,Female,59596.91,13,5,108.28,1
CUST-10354,55.0,Male,38883.77,41,5,42.07,1
CUST-10355,62.0,Female,47654.18,57,3,81.55,0
CUST-10356,68.0,Male,37075.32,53,5,63.4,0
CUST-10357,25.0,Male,66720.45,12,6,106.16,0
CUST-10358,44.0,Female,,13,6,204.19,0
CUST-10359,44.0,Female,50776.83,57,8,120.67,0
CUST-10360,51.0,Male,55688.28,40,1,136.82,1
CUST-10361,38.0,Female,28925.35,45,5,67.76,1
CUST-10362,47.0,Male,49605.82,35,8,127.08,0
CUST-10363,50.0,Female,54096.32,3,9,44.33,0
CUST-10364,45.0,Male,102174.28,5,6,84.51,0
CUST-10365,64.0,Male,34984.59,11,9,133.19,1
CUST-10366,50.0,Female,81355.19,71,3,97.3,0
CUST-10367,22.0,Female,72943.46,56,6,132.36,0
CUST-10368,65.0,Male,60051.46,10,5,182.71,0
CUST-10369,36.0,Female,86655.17,34,5,118.4,0
CUST-10370,21.0,Female,61697.9,67,2,86.81,1
CUST-10371,52.0,Male,62004.87,31,3,67.6,0
CUST-10372,66.0,Female,54043.83,71,9,72.86,0
CUST-10373,34.0,Male,77024.24,66,6,88.59,0
CUST-10374,61.0,Female,74736.45,70,3,125.64,0
CUST-10375,45.0,Female,43737.81,41,7,145.46,0
CUST-10376,47.0,Other,31253.55,63,6,60.11,1
CUST-10377,46.0,Male,51346.35,32,5,91.1,0
CUST-10378,63.0,Male,40599.31,20,9,32.09,1
CUST-10379,23.0,Male,53856.56,57,6,57.36,0
CUST-10380,52.0,Male,77273.89,50,9,103.82,0
CUST-10381,58.0,Male,,25,9,137.34,0
CUST-10382,54.0,Female,54229.18,12,5,138.14,1
CUST-10383,41.0,Male,56044.41,71,7,206.42,1
CUST-10384,46.0,Male,70271.76,39,9,66.53,0
CUST-10385,66.0,Female,15000.0,17,6,68.2,1
CUST-10386,63.0,Male,44079.39,45,3,92.24,0
CUST-10387,48.0,Female,58803.11,11,3,85.14,1
CUST-10388,52.0,Male,76601.42,70,8,131.89,0
CUST-10389,50.0,Female,46145.76,23,8,93.46,0
CUST-10390,69.0,Male,21222.05,70,12,109.96,0
CUST-10391,38.0,Male,66154.81,38,7,94.06,0
CUST-10392,49.0,Female,43563.48,2,10,90.13,0
CUST-10393,40.0,Male,33586.0,37,6,55.66,1
CUST-10394,50.0,Female,43761.78,49,6,84.75,0
CUST-10395,20.0,Male,,52,5,73.45,1
CUST-10396,35.0,Male,44114.6,33,8,214.31,0
CUST-10397,42.0,Female,15299.81,22,5,197.45,1
CUST-10398,59.0,Male,71147.19,5,10,107.83,0
CUST-10399,48.0,Female,77947.75,18,10,107.51,0
CUST-10400,20.0,Other,66727.4,38,3,92.7,0
CUST-10401,57.0,Female,34521.66,37,5,94.65,0
CUST-10402,63.0,Female,,64,7,110.83,0
CUST-10403,41.0,Male,,10,5,148.98,0
CUST-10404,67.0,Male,65778.3,42,4,157.28,0
CUST-10405,49.0,Male,67030.13,48,5,91.82,0
CUST-10406,64.0,Female,,44,3,152.14,1
CUST-10407,39.0,,56475.92,16,4,42.41,1
CUST-10408,,Male,63231.05,54,9,44.96,0
CUST-10409,19.0,Female,81204.8,35,6,90.77,0
CUST-10410,44.0,Male,67681.12,28,7,54.49,1
CUST-10411,59.0,Female,69203.02,2,2,112.91,1
CUST-10412,19.0,Male,56508.88,13,8,115.56,1
CUST-10413,43.0,Other,80388.26,41,7,57.12,0
CUST-10414,34.0,Female,62375.73,59,3,235.23,0
CUST-10415,57.0,Male,39500.42,69,5,157.13,0
CUST-10416,50.0,Male,80260.66,53,3,67.51,1
CUST-10417,26.0,Male,67562.26,45,5,41.49,0
CUST-10418,60.0,Male,47025.21,20,9,76.18,1
CUST-10419,65.0,Male,46369.13,24,8,1100.0,0
CUST-10420,56.0,Female,60338.36,61,4,81.35,0
CUST-10421,46.0,Female,63337.33,58,17,26.25,0
CUST-10422,59.0,Female,58551.26,27,4,76.25,0
CUST-10423,43.0,Male,60603.56,26,2,190.76,0
CUST-10424,52.0,Female,85599.23,7,4,109.13,0
CUST-10425,67.0,Female,74287.78,42,10,56.18,0
CUST-10426,42.0,Male,58431.44,47,8,42.73,0
CUST-10427,41.0,Female,71943.59,53,8,38.57,0
CUST-10428,30.0,Female,36414.57,59,8,54.13,1
CUST-10429,24.0,Male,62162.69,38,7,57.79,0
CUST-10430,53.0,Male,87567.51,69,6,111.6,0
CUST-10431,62.0,Female,51075.17,53,5,47.3,1
CUST-10432,37.0,Male,39742.59,15,6,236.46,1
CUST-10433,18.0,Female,43262.4,26,7,60.71,0
CUST-10434,25.0,Female,35386.61,48,4,139.82,0
CUST-10435,63.0,Female,40874.29,19,5,221.39,1
CUST-10436,33.0,Male,48330.85,9,7,47.52,1
CUST-10437,31.0,Male,29699.79,64,4,141.22,0
CUST-10438,29.0,Female,55281.13,54,2,99.19,0
CUST-10439,68.0,Female,71240.99,51,3,55.44,0
CUST-10440,40.0,Male,38660.39,39,2,75.33,1
CUST-10441,32.0,Female,82347.11,4,6,102.54,0
CUST-10442,45.0,Female,,3,4,127.72,0
CUST-10443,51.0,Male,73550.45,64,6,90.65,0
CUST-10444,19.0,Male,43158.98,29,6,113.28,0
CUST-10445,49.0,Female,70381.45,11,5,162.86,1
CUST-10446,40.0,Male,35345.19,58,6,55.58,1
CUST-10447,39.0,Male,71024.46,27,5,115.64,0
CUST-10448,68.0,Male,58093.11,21,6,56.8,1
CUST-10449,42.0,Male,64958.52,39,7,130.47,1
CUST-10450,39.0,Female,33839.3,46,5,75.67,0
CUST-10451,39.0,Female,38888.74,66,3,126.03,0
CUST-10452,66.0,Male,65750.11,36,3,88.4,0
CUST-10453,69.0,Female,37929.74,65,7,71.35,0
CUST-10454,59.0,Female,63337.71,63,5,73.24,0
CUST-10455,23.0,Female,30391.52,35,5,24.33,0
CUST-10456,32.0,Male,70267.14,31,2,87.1,1
CUST-10457,60.0,Male,32814.58,28,5,113.57,0
CUST-10458,54.0,,64941.4,1,7,145.06,0
CUST-10459,50.0,Female,66261.36,25,7,153.89,0
CUST-10460,25.0,Male,42458.11,43,2,82.43,0
CUST-10461,61.0,Male,,67,4,154.76,0
CUST-10462,61.0,Male,59687.96,63,4,196.18,0
CUST-10463,22.0,Female,45300.85,51,6,48.08,0
CUST-10464,,Female,36846.02,2,9,69.61,0
CUST-10465,21.0,Female,,64,3,212.11,0
CUST-10466,23.0,Male,61293.7,69,6,133.14,0
CUST-10467,,Female,26833.55,9,5,80.15,0
CUST-10468,49.0,Female,56716.2,2,3,88.16,1
CUST-10469,69.0,Male,50257.93,34,3,140.02,1
CUST-10470,47.0,Female,67224.57,60,7,61.7,1
CUST-10471,64.0,Other,49563.18,61,3,89.4,0
CUST-10472,52.0,Male,49069.94,31,7,115.42,0
CUST-10473,57.0,Female,68173.67,10,7,104.66,1
CUST-10474,69.0,Male,61031.04,36,6,109.38,0
CUST-10475,33.0,Female,60690.81,49,11,42.13,0
CUST-10476,30.0,Female,63446.82,70,8,106.1,0
CUST-10477,67.0,Female,27359.7,49,7,60.97,1
CUST-10478,59.0,Female,68622.2,3,12,58.4,0
CUST-10479,47.0,Male,66024.44,5,3,154.5,0
CUST-10480,36.0,Female,36699.7,61,7,118.72,0
CUST-10481,34.0,Female,50606.55,26,6,79.09,1
CUST-10482,,Male,54292.47,5,4,101.4,1
CUST-10483,45.0,Female,52579.06,15,2,112.38,1
CUST-10484,43.0,Female,61009.48,16,6,111.38,0
CUST-10485,54.0,Male,80764.6,1,8,129.23,1
CUST-10486,43.0,Female,74471.8,16,6,152.61,0
CUST-10487,40.0,Female,31380.05,37,3,113.11,1
CUST-10488,26.0,Male,66197.26,3,6,130.01,1
CUST-10489,29.0,,78920.8,52,5,36.91,0
CUST-10490,18.0,Male,61962.55,47,10,127.42,0
CUST-10491,18.0,Male,74637.65,13,13,106.5,0
CUST-10492,64.0,Male,91220.87,55,4,130.06,0
CUST-10493,51.0,Female,73426.77,21,7,84.25,0
CUST-10494,49.0,Female,59487.55,66,7,168.51,1
CUST-10495,65.0,Male,73811.59,54,2,48.36,0
CUST-10496,42.0,Male,57607.98,27,3,116.19,0
CUST-10497,57.0,Female,55430.25,38,3,116.26,0
CUST-10498,62.0,Male,48674.54,58,0,76.22,1
CUST-10499,18.0,Female,83141.44,62,3,76.81,0
CUST-10500,33.0,Female,40268.28,46,7,132.7,1
CUST-10501,56.0,Female,82582.62,11,7,53.84,0
CUST-10502,22.0,Other,63997.55,8,3,83.46,1
CUST-10503,39.0,Male,29812.49,71,4,27.66,1
CUST-10504,46.0,,61617.69,64,11,85.1,0
CUST-10505,20.0,Female,17199.52,21,5,42.75,0
CUST-10506,29.0,Female,66259.14,63,10,250.12,0
CUST-10507,43.0,Male,70934.17,64,2,165.56,0
CUST-10508,33.0,Female,44337.59,20,9,70.1,1
CUST-10509,68.0,Male,57223.86,8,7,43.12,0
CUST-10510,54.0,Male,90174.83,58,6,114.89,0
CUST-10511,39.0,Male,45896.56,46,10,85.57,1
CUST-10512,46.0,Female,35939.66,31,4,69.42,0
CUST-10513,31.0,Female,81669.94,9,13,93.68,1
CUST-10514,45.0,Female,90326.57,15,5,88.31,0
CUST-10515,22.0,Female,55066.52,26,4,147.19,1
CUST-10516,64.0,Male,73206.33,10,5,62.29,1
CUST-10517,,Female,79146.57,29,10,35.82,0
CUST-10518,47.0,Male,41635.28,36,7,135.9,1
CUST-10519,63.0,Female,46264.49,37,3,106.37,1
CUST-10520,69.0,Female,77155.74,71,7,56.11,0
CUST-10521,22.0,Female,85330.26,23,10,56.46,1
CUST-10522,29.0,Female,,41,6,55.24,1
CUST-10523,33.0,Male,39163.34,28,9,83.49,1
CUST-10524,43.0,Male,90767.1,48,8,211.78,0
CUST-10525,43.0,Female,45442.52,38,8,165.49,0
CUST-10526,65.0,Male,,31,9,73.78,0
CUST-10527,,Male,61162.08,14,6,181.04,0
CUST-10528,56.0,Female,82974.89,29,7,56.73,0
CUST-10529,53.0,Female,70371.57,51,4,80.01,1
CUST-10530,50.0,Male,62467.58,49,10,85.62,0
CUST-10531,47.0,Male,63339.19,43,3,235.3,0
CUST-10532,54.0,Female,55783.26,5,3,46.23,0
CUST-10533,40.0,Female,65046.51,42,8,125.52,0
CUST-10534,27.0,Male,15000.0,7,8,74.19,1
CUST-10535,22.0,Male,49661.07,42,8,950.0,0
CUST-10536,53.0,Male,59343.79,36,5,58.14,1
CUST-10537,51.0,Male,34281.75,27,4,87.68,1
CUST-10538,69.0,Male,61953.82,58,4,160.11,0
CUST-10539,48.0,Female,51319.52,46,7,27.02,1
CUST-10540,27.0,Female,86598.56,66,6,90.97,0
CUST-10541,,Female,83314.36,25,6,33.98,0
CUST-10542,49.0,Male,46615.5,27,6,149.26,0
CUST-10543,18.0,Female,52284.92,1,5,30.96,1
CUST-10544,22.0,Male,,42,4,53.59,0
CUST-10545,62.0,Other,46870.13,52,4,159.16,0
CUST-10546,21.0,Female,58510.45,25,7,76.28,0
CUST-10547,33.0,Male,41350.92,54,7,79.57,0
CUST-10548,41.0,Female,34648.92,67,6,83.2,1
CUST-10549,33.0,Male,66208.8,6,5,84.11,0
CUST-10550,19.0,Female,66331.53,58,5,70.75,0
CUST-10551,66.0,Male,40522.32,70,8,185.86,0
CUST-10552,45.0,Male,71116.4,53,5,175.37,0
CUST-10553,49.0,Female,43631.6,66,1,80.1,1
CUST-10554,44.0,Male,59556.97,58,2,44.44,0
CUST-10555,37.0,Female,,2,7,118.72,1
CUST-10556,41.0,Male,54394.97,22,11,89.44,0
CUST-10557,29.0,Female,63185.34,37,9,75.69,1
CUST-10558,67.0,Female,45704.27,20,9,74.47,1
CUST-10559,52.0,Female,51463.6,24,6,85.29,1
CUST-10560,50.0,Male,51294.53,65,2,49.08,0
CUST-10561,50.0,Male,41561.59,65,6,65.97,1
CUST-10562,68.0,Male,51818.07,1,10,35.59,1
CUST-10563,60.0,Male,27124.87,3,6,122.52,1
CUST-10564,54.0,Female,46159.23,46,8,232.53,1
CUST-10565,29.0,Female,49872.24,55,8,243.25,0
CUST-10566,20.0,Female,50388.76,64,8,105.67,0
CUST-10567,18.0,Female,50653.05,45,8,62.16,0
CUST-10568,50.0,Female,53888.24,26,3,104.01,1
CUST-10569,57.0,Female,63629.95,65,1,191.84,0
CUST-10570,27.0,Male,70741.31,24,7,135.55,0
CUST-10571,60.0,Female,43304.23,35,6,76.26,0
CUST-10572,61.0,Female,33342.38,24,6,78.19,1
CUST-10573,46.0,Female,36243.2,28,4,34.9,0
CUST-10574,30.0,Male,46230.35,16,12,111.93,0
CUST-10575,29.0,Male,,59,6,149.52,1
CUST-10576,48.0,Male,41140.07,54,6,84.26,0
CUST-10577,63.0,Female,31669.9,16,7,59.96,1
CUST-10578,19.0,Female,46789.83,15,6,161.83,0
CUST-10579,68.0,Male,58265.68,11,5,158.39,0
CUST-10580,67.0,Other,,65,3,61.09,1
CUST-10581,,Male,44966.39,68,8,62.01,0
CUST-10582,40.0,Male,,43,8,145.79,0
CUST-10583,34.0,Male,38319.43,69,5,84.98,0
CUST-10584,43.0,Female,54434.09,13,4,89.94,1
CUST-10585,25.0,Female,39728.28,10,6,108.47,0
CUST-10586,,Male,65316.3,41,6,102.42,0
CUST-10587,43.0,Female,22854.4,50,12,51.93,1
CUST-10588,27.0,Male,48526.67,71,5,54.34,1
CUST-10589,43.0,Female,60419.93,59,0,135.34,0
CUST-10590,51.0,Female,58309.02,39,6,70.05,0
CUST-10591,68.0,Female,103474.61,3,4,150.01,1
CUST-10592,58.0,Male,61296.4,7,4,149.28,0
CUST-10593,24.0,Other,36927.02,49,2,74.21,0
CUST-10594,21.0,Female,53281.64,26,11,90.41,0
CUST-10595,67.0,Male,,33,3,116.33,1
CUST-10596,62.0,Female,53549.2,48,4,90.86,0
CUST-10597,28.0,Male,40004.99,2,9,97.87,0
CUST-10598,46.0,Female,71477.02,71,2,137.72,0
CUST-10599,53.0,Male,45108.28,32,7,106.13,1
CUST-10600,42.0,Female,52898.21,4,10,53.96,0
CUST-10601,38.0,Female,43559.96,20,6,194.81,0
CUST-10602,53.0,Male,86299.32,36,6,64.65,0
CUST-10603,27.0,Male,49217.63,32,6,75.5,1
CUST-10604,54.0,Male,87986.03,28,7,117.83,0
CUST-10605,26.0,Male,69654.73,1,3,99.08,1
CUST-10606,41.0,Male,63677.2,60,4,31.31,0
CUST-10607,52.0,Female,61637.2,56,8,115.5,1
CUST-10608,66.0,Male,62088.35,35,4,63.77,1
CUST-10609,52.0,Male,20301.89,30,7,74.4,1
CUST-10610,65.0,Female,49980.1,54,6,56.97,1
CUST-10611,53.0,Male,70212.84,36,4,101.16,0
CUST-10612,35.0,Female,54119.85,55,3,62.72,0
CUST-10613,66.0,Female,29706.58,58,8,199.31,0
CUST-10614,56.0,Female,54056.72,65,8,140.67,0
CUST-10615,49.0,Female,85673.9,69,4,147.12,0
CUST-10616,41.0,Female,77444.05,51,3,75.38,0
CUST-10617,40.0,Male,53883.93,22,6,216.19,0
CUST-10618,49.0,Male,72126.09,53,9,89.92,0
CUST-10619,54.0,Male,48402.87,36,8,99.38,0
CUST-10620,29.0,Female,24330.31,68,9,86.49,0
CUST-10621,66.0,Male,38359.61,36,5,104.15,0
CUST-10622,30.0,Female,83132.0,52,5,193.43,0
CUST-10623,40.0,,50068.12,53,6,106.95,1
CUST-10624,42.0,Female,50619.09,50,4,47.29,1
CUST-10625,52.0,Female,49602.91,41,4,140.87,0
CUST-10626,58.0,Male,89274.46,18,4,108.51,1
CUST-10627,47.0,Female,84267.26,22,3,66.32,0
CUST-10628,34.0,Female,94938.04,66,1,115.93,0
CUST-10629,,Male,52137.19,21,4,89.89,0
CUST-10630,37.0,Male,60321.24,44,5,82.25,0
CUST-10631,65.0,Female,27700.43,47,8,92.03,1
CUST-10632,42.0,Female,81584.82,39,8,117.42,0
CUST-10633,39.0,Female,33979.97,29,7,95.04,0
CUST-10634,30.0,Female,58901.96,54,4,102.31,0
CUST-10635,36.0,Female,35248.55,17,3,112.59,0
CUST-10636,66.0,Female,44400.4,60,7,89.14,1
CUST-10637,53.0,Male,39929.28,31,3,67.98,1
CUST-10638,29.0,Male,44058.25,49,8,46.27,1
CUST-10639,58.0,Male,45295.79,2,3,152.4,1
CUST-10640,36.0,Female,45131.16,48,7,115.1,0
CUST-10641,29.0,Female,70000.01,14,8,149.55,0
CUST-10642,26.0,Female,35112.47,59,7,101.31,0
CUST-10643,24.0,Male,58969.75,58,7,167.81,0
CUST-10644,45.0,Female,76923.26,58,5,121.07,0
CUST-10645,31.0,Female,45762.47,51,7,72.91,0
CUST-10646,48.0,Female,42077.46,2,5,65.58,0
CUST-10647,69.0,Female,50850.56,41,4,71.0,1
CUST-10648,36.0,Male,76235.05,16,4,107.11,0
CUST-10649,64.0,Female,,4,5,103.69,0
CUST-10650,33.0,Male,45438.14,12,5,81.35,1
CUST-10651,22.0,Male,63709.78,29,7,58.72,0
CUST-10652,52.0,Female,35158.74,7,7,101.8,1
CUST-10653,29.0,Female,67264.47,14,11,105.85,0
CUST-10654,42.0,Other,62354.93,12,7,143.41,0
CUST-10655,69.0,Female,,5,6,35.1,0
CUST-10656,38.0,Female,39905.46,32,8,100.34,0
CUST-10657,53.0,Female,39039.74,43,8,55.87,0
CUST-10658,40.0,Female,64626.71,69,6,60.64,0
CUST-10659,33.0,Male,77121.65,45,3,64.11,0
CUST-10660,56.0,Male,43528.46,9,4,39.97,1
CUST-10661,62.0,Male,63250.96,49,5,106.12,0
CUST-10662,59.0,Male,17433.51,33,5,97.93,1
CUST-10663,56.0,Male,44476.88,18,2,74.47,1
CUST-10664,31.0,Male,54440.94,9,10,97.37,0
CUST-10665,48.0,Male,38625.7,62,5,102.68,1
CUST-10666,22.0,Other,38142.89,57,10,82.24,0
CUST-10667,52.0,Male,42979.97,29,5,48.42,0
CUST-10668,40.0,Female,60259.47,25,1,85.85,1
CUST-10669,46.0,Male,51628.08,15,8,39.6,1
CUST-10670,60.0,Female,15000.0,6,5,97.66,1
CUST-10671,28.0,Male,,42,11,112.82,0
CUST-10672,35.0,Male,44076.43,29,6,62.02,0
CUST-10673,64.0,Female,63238.36,4,8,72.86,0
CUST-10674,29.0,Male,15000.0,57,3,150.63,0
CUST-10675,26.0,Male,46004.86,49,4,124.21,1
CUST-10676,27.0,Male,45527.54,44,3,105.47,0
CUST-10677,61.0,Male,79990.08,14,3,82.86,1
CUST-10678,,Male,48069.61,3,6,43.2,0
CUST-10679,55.0,Male,61893.8,62,9,38.55,0
CUST-10680,24.0,Female,57542.63,64,5,50.81,0
CUST-10681,63.0,Female,16649.8,45,4,51.88,0
CUST-10682,30.0,Female,68827.73,58,4,170.09,0
CUST-10683,57.0,Male,58877.14,20,6,144.42,1
CUST-10684,59.0,Female,64148.84,58,4,35.24,0
CUST-10685,26.0,Male,125672.28,57,6,49.78,0
CUST-10686,67.0,Male,17485.97,68,9,97.74,1
CUST-10687,44.0,Female,86044.54,52,3,98.44,0
CUST-10688,19.0,Male,49825.94,37,5,87.4,0
CUST-10689,22.0,Male,60171.92,8,11,105.29,0
CUST-10690,46.0,Female,54180.78,44,8,144.83,0
CUST-10691,54.0,Female,47363.75,5,10,96.05,1
CUST-10692,55.0,Female,44743.01,69,3,105.31,0
CUST-10693,36.0,Female,60931.16,31,3,116.83,1
CUST-10694,25.0,,27690.87,45,7,153.82,1
CUST-10695,65.0,Male,68510.43,9,4,117.36,1
CUST-10696,62.0,Male,47508.5,32,3,65.26,0
CUST-10697,18.0,Male,34658.75,33,4,112.43,0
CUST-10698,39.0,Male,46899.77,67,6,65.08,0
CUST-10699,69.0,Male,,30,4,128.99,1
CUST-10700,34.0,Female,45363.97,29,9,132.37,0
CUST-10701,24.0,Female,61452.17,3,5,50.21,1
CUST-10702,42.0,Female,41842.79,57,6,61.05,0
CUST-10703,62.0,Male,68642.59,30,5,176.78,1
CUST-10704,21.0,Female,67339.14,9,4,81.79,0
CUST-10705,53.0,Other,88274.96,26,5,110.97,0
CUST-10706,23.0,Female,51839.85,2,5,167.22,1
CUST-10707,48.0,Male,67035.79,62,6,81.83,0
CUST-10708,36.0,Female,56765.22,3,4,95.9,1
CUST-10709,61.0,Male,78325.69,46,7,31.22,0
CUST-10710,56.0,Male,42061.02,68,5,93.09,1
CUST-10711,44.0,Male,68410.1,25,5,70.25,1
CUST-10712,27.0,Female,51495.45,51,6,70.83,0
CUST-10713,43.0,Female,53844.61,13,9,119.1,0
CUST-10714,36.0,Male,56651.54,44,3,159.06,0
CUST-10715,56.0,Male,59540.33,35,6,71.11,0
CUST-10716,20.0,Male,52907.88,55,7,116.68,0
CUST-10717,62.0,Male,58864.84,9,5,35.73,0
CUST-10718,,Male,83406.13,2,10,39.78,0
CUST-10719,67.0,Male,72738.09,61,8,133.44,0
CUST-10720,45.0,Female,70644.78,41,4,54.05,0
CUST-10721,37.0,Male,46800.29,44,6,76.25,0
CUST-10722,45.0,Male,38993.67,64,10,61.3,1
CUST-10723,,Male,72195.41,31,7,65.8,0
CUST-10724,58.0,Female,70768.84,47,2,119.28,1
CUST-10725,56.0,Female,81508.07,2,5,96.99,0
CUST-10726,18.0,Female,44128.35,69,5,216.61,0
CUST-10727,20.0,Male,50868.12,58,3,118.98,0
CUST-10728,30.0,Female,25489.29,44,5,83.02,1
CUST-10729,45.0,Male,47935.52,56,4,96.67,0
CUST-10730,66.0,Female,72938.27,43,8,88.88,0
CUST-10731,42.0,Female,46603.08,34,9,161.31,0
CUST-10732,50.0,Female,66528.64,30,8,65.09,0
CUST-10733,55.0,Female,51570.94,71,5,81.82,0
CUST-10734,23.0,Female,60833.03,70,7,142.04,0
CUST-10735,61.0,Male,34341.55,55,7,53.79,1
CUST-10736,62.0,Female,,67,7,41.87,0
CUST-10737,49.0,Male,15000.0,13,9,980.0,0
CUST-10738,62.0,Female,51635.87,3,6,90.3,1
CUST-10739,64.0,Male,25651.48,26,5,76.78,1
CUST-10740,38.0,Male,76707.9,57,9,42.17,0
CUST-10741,33.0,Male,68993.33,24,6,96.42,0
CUST-10742,38.0,Male,63400.08,53,5,53.18,1
CUST-10743,28.0,Female,82378.11,70,10,65.35,0
CUST-10744,54.0,Female,37919.5,43,7,48.65,0
CUST-10745,53.0,Male,86452.54,60,4,49.2,1
CUST-10746,52.0,Male,71779.45,58,8,89.43,0
CUST-10747,36.0,Female,50742.0,49,9,115.98,0
CUST-10748,37.0,Male,75441.16,42,4,82.53,0
CUST-10749,35.0,Female,35086.72,66,6,48.58,0
CUST-10750,64.0,Female,40158.75,11,4,55.22,0
CUST-10751,58.0,Female,44045.38,18,8,46.11,0
CUST-10752,66.0,Female,45478.4,52,5,63.33,0
CUST-10753,31.0,Male,35981.96,46,2,62.14,0
CUST-10754,32.0,Female,77015.5,44,8,56.12,0
CUST-10755,48.0,Male,50340.62,22,7,223.49,1
CUST-10756,18.0,Male,61345.09,53,9,97.02,0
CUST-10757,20.0,Female,44733.68,59,6,173.36,0
CUST-10758,33.0,Male,22229.14,30,3,70.92,1
CUST-10759,40.0,Female,59861.03,8,9,64.48,0
CUST-10760,28.0,Female,20579.41,57,6,86.61,0
CUST-10761,29.0,Female,53764.59,20,6,96.04,0
CUST-10762,27.0,Female,30370.33,25,5,65.3,1
CUST-10763,49.0,Male,90770.97,19,6,119.11,0
CUST-10764,,Male,71404.53,5,6,114.74,0
CUST-10765,25.0,Female,56903.57,27,8,127.48,0
CUST-10766,55.0,Male,77746.72,40,7,95.72,0
CUST-10767,29.0,Female,39766.31,26,4,66.19,0
CUST-10768,41.0,Female,64782.63,27,6,55.38,0
CUST-10769,45.0,Female,58596.59,62,3,78.26,1
CUST-10770,25.0,Male,59752.36,50,7,132.24,0
CUST-10771,45.0,Male,77902.36,42,6,49.73,0
CUST-10772,53.0,Male,68184.86,29,4,85.29,0
CUST-10773,43.0,Male,60197.03,39,7,172.3,0
CUST-10774,25.0,Female,25212.03,60,2,41.09,1
CUST-10775,67.0,Male,37719.17,41,6,46.89,0
CUST-10776,,Male,52791.24,33,5,134.16,0
CUST-10777,45.0,Male,56680.7,16,6,113.21,1
CUST-10778,54.0,Female,34656.33,23,13,166.69,0
CUST-10779,58.0,Female,,7,5,130.71,1
CUST-10780,53.0,Male,82295.09,26,8,252.5,1
CUST-10781,44.0,Male,65838.13,12,10,64.16,0
CUST-10782,34.0,Male,56296.66,5,3,85.69,1
CUST-10783,26.0,Male,51180.24,69,2,139.53,1
CUST-10784,50.0,Female,37865.47,49,6,101.59,0
CUST-10785,37.0,Female,56394.65,26,11,163.06,0
CUST-10786,30.0,Male,59639.55,5,9,60.84,0
CUST-10787,45.0,Male,32648.31,22,9,168.85,1
CUST-10788,65.0,,61015.18,13,6,65.69,0
CUST-10789,46.0,Male,52205.34,28,5,116.94,0
CUST-10790,30.0,Female,20659.46,33,10,99.13,0
CUST-10791,63.0,Male,39513.07,23,5,99.24,0
CUST-10792,52.0,Female,47555.1,18,14,111.87,1
CUST-10793,23.0,Male,88978.38,30,11,25.11,0
CUST-10794,35.0,Female,65017.96,26,4,87.92,0
CUST-10795,68.0,Other,30961.33,16,2,65.59,1
CUST-10796,,Male,63748.65,39,9,90.57,0
CUST-10797,64.0,Male,27148.53,33,5,99.06,0
CUST-10798,42.0,Male,74488.44,26,9,130.28,0
CUST-10799,19.0,Male,46519.76,48,6,44.92,0
CUST-10800,27.0,Male,53314.55,65,3,110.33,1
CUST-10801,47.0,Male,78864.34,38,5,45.02,0
CUST-10802,67.0,Female,,2,10,127.74,0
CUST-10803,62.0,Male,29851.87,6,8,55.47,1
CUST-10804,22.0,Male,,46,3,87.15,0
CUST-10805,50.0,Female,73690.82,50,2,68.09,0
CUST-10806,18.0,Male,27651.77,38,4,40.7,0
CUST-10807,35.0,Other,15000.0,18,3,125.86,0
CUST-10808,49.0,Male,46879.14,27,8,96.91,1
CUST-10809,64.0,Female,64931.33,41,6,104.91,1
CUST-10810,66.0,Female,76604.71,17,6,63.82,1
CUST-10811,28.0,Female,46663.1,62,4,1050.0,0
CUST-10812,38.0,,47594.32,29,5,95.43,1
CUST-10813,43.0,Male,75770.21,58,8,41.26,0
CUST-10814,42.0,Other,,70,5,40.76,0
CUST-10815,39.0,Male,48006.63,22,6,114.42,1
CUST-10816,44.0,Male,58427.63,6,9,26.04,0
CUST-10817,66.0,Male,63085.94,26,4,105.64,0
CUST-10818,30.0,Female,45823.48,39,4,30.46,1
CUST-10819,50.0,Male,55619.94,12,6,117.7,0
CUST-10820,51.0,Female,15000.0,14,8,104.2,0
CUST-10821,58.0,Female,43151.53,22,5,45.08,0
CUST-10822,52.0,Female,63163.16,51,4,95.55,0
CUST-10823,18.0,Female,37318.71,23,6,115.58,0
CUST-10824,38.0,Male,56061.72,48,8,66.48,0
CUST-10825,65.0,Male,63043.71,71,5,74.43,0
CUST-10826,23.0,Male,48834.11,50,6,70.89,0
CUST-10827,45.0,Male,58068.35,13,6,63.84,1
CUST-10828,34.0,Male,37670.81,10,2,117.45,1
CUST-10829,22.0,Male,51281.0,55,12,117.36,0
CUST-10830,48.0,Male,65983.89,9,8,46.24,0
CUST-10831,22.0,Other,57825.51,52,7,151.54,0
CUST-10832,55.0,Female,44442.44,2,6,84.73,0
CUST-10833,20.0,Male,59035.9,25,7,107.25,0
CUST-10834,40.0,Female,67862.98,13,7,219.89,0
CUST-10835,54.0,Male,18101.06,51,10,82.22,0
CUST-10836,54.0,Male,75863.33,58,3,87.97,0
CUST-10837,27.0,Female,48947.41,34,7,74.79,0
CUST-10838,27.0,Female,62658.82,35,9,1250.0,1
CUST-10839,36.0,Male,76550.44,3,3,70.06,1
CUST-10840,34.0,,30309.87,59,17,71.65,0
CUST-10841,38.0,Female,42230.06,70,5,22.56,0
CUST-10842,31.0,Female,49806.12,48,5,59.63,0
CUST-10843,26.0,Female,40892.44,64,6,50.99,0
CUST-10844,63.0,Female,86228.86,19,3,69.53,0
CUST-10845,18.0,Male,,67,5,51.52,0
CUST-10846,68.0,Male,45000.16,5,6,133.71,1
CUST-10847,62.0,Male,58679.0,67,4,76.63,0
CUST-10848,30.0,Male,33361.31,11,2,57.7,1
CUST-10849,21.0,Female,47877.75,68,9,138.6,0
CUST-10850,18.0,Male,60714.16,69,5,110.37,0
CUST-10851,66.0,Other,49008.51,1,4,68.35,0
CUST-10852,57.0,Female,53319.04,63,11,49.02,0
CUST-10853,49.0,Female,45472.02,29,9,165.83,0
CUST-10854,,Female,27739.53,12,7,77.15,0
CUST-10855,45.0,Female,60788.68,41,3,113.16,0
CUST-10856,,Male,86588.8,2,5,127.93,0
CUST-10857,25.0,Female,55331.23,37,6,234.41,0
CUST-10858,56.0,Male,59054.75,45,6,74.99,0
CUST-10859,,Female,67469.01,48,2,70.52,0
CUST-10860,51.0,Male,32152.05,24,7,73.11,0
CUST-10861,20.0,Female,85645.26,22,6,97.94,0
CUST-10862,67.0,Female,58641.92,11,7,125.1,0
CUST-10863,29.0,Male,84373.42,58,7,52.58,1
CUST-10864,18.0,Male,41805.41,46,9,111.61,0
CUST-10865,61.0,,,29,7,73.46,0
CUST-10866,22.0,Female,68952.8,35,3,94.13,0
CUST-10867,47.0,Female,64954.72,15,8,167.2,0
CUST-10868,47.0,Female,59212.44,60,2,125.24,0
CUST-10869,34.0,Male,50526.48,42,6,161.46,0
CUST-10870,65.0,Male,76609.57,43,4,74.49,0
CUST-10871,64.0,Male,57526.48,49,5,173.38,0
CUST-10872,40.0,Female,19592.75,64,11,137.42,0
CUST-10873,32.0,Male,34890.64,32,5,890.0,0
CUST-10874,54.0,Female,51654.78,64,6,165.82,0
CUST-10875,38.0,Female,60579.98,2,6,110.64,1
CUST-10876,31.0,Female,53981.41,24,8,77.97,0
CUST-10877,19.0,Female,76941.47,66,12,75.49,0
CUST-10878,28.0,,19880.17,38,6,103.77,1
CUST-10879,68.0,Male,57584.58,31,5,116.71,0
CUST-10880,56.0,Female,22276.37,26,5,129.15,1
CUST-10881,55.0,Female,68674.82,29,6,55.91,0
CUST-10882,51.0,Female,53299.74,67,9,102.67,0
CUST-10883,55.0,Other,62552.98,25,4,76.59,1
CUST-10884,67.0,Male,39450.11,48,5,78.63,1
CUST-10885,51.0,Male,78030.37,65,11,55.97,0
CUST-10886,35.0,Female,73751.04,53,6,55.77,0
CUST-10887,47.0,Male,65503.8,67,7,43.28,0
CUST-10888,32.0,Female,52668.69,18,4,96.46,0
CUST-10889,44.0,Female,65437.43,9,7,156.75,1
CUST-10890,68.0,Male,42275.93,38,9,35.05,0
CUST-10891,51.0,Female,70400.0,21,7,134.32,0
CUST-10892,69.0,Male,84690.66,65,3,123.7,0
CUST-10893,,Female,74270.99,21,5,89.86,0
CUST-10894,50.0,Female,41867.16,27,7,131.13,0
CUST-10895,41.0,Female,61505.51,70,9,134.86,0
CUST-10896,32.0,Male,31723.45,44,6,115.13,0
CUST-10897,47.0,Male,65303.03,28,7,126.22,0
CUST-10898,59.0,Female,63110.86,45,7,102.52,0
CUST-10899,68.0,Female,21343.31,17,4,169.31,1
CUST-10900,34.0,Female,34087.89,40,3,88.61,0
CUST-10901,22.0,Male,49903.5,3,7,121.99,1
CUST-10902,46.0,Male,49584.52,66,3,106.77,0
CUST-10903,21.0,Male,33229.42,46,4,67.97,0
CUST-10904,27.0,Female,62001.62,30,7,71.33,0
CUST-10905,34.0,Male,59526.52,69,7,79.66,0
CUST-10906,27.0,Male,51503.16,9,8,166.66,1
CUST-10907,34.0,Other,41395.75,11,4,83.92,0
CUST-10908,37.0,Male,73876.73,69,8,156.34,0
CUST-10909,41.0,,84797.33,66,5,102.91,0
CUST-10910,22.0,Female,46295.89,31,5,105.2,0
CUST-10911,51.0,Female,43981.0,33,5,90.2,0
CUST-10912,23.0,Male,,39,6,186.83,0
CUST-10913,19.0,Male,48555.47,46,2,86.1,0
CUST-10914,30.0,Female,52490.85,37,3,192.47,0
CUST-10915,60.0,Female,68313.76,60,3,31.25,0
CUST-10916,60.0,Female,20631.59,31,5,62.05,1
CUST-10917,65.0,Male,78729.44,11,6,124.84,0
CUST-10918,28.0,Female,56308.25,2,5,146.79,0
CUST-10919,68.0,Female,47593.12,27,2,124.82,0
CUST-10920,64.0,Female,53393.79,2,10,58.83,0
CUST-10921,40.0,Female,54323.73,21,7,85.08,1
CUST-10922,33.0,Female,23838.38,58,7,59.8,0
CUST-10923,48.0,Female,81908.89,5,4,168.1,0
CUST-10924,28.0,Male,55743.86,52,1,58.34,0
CUST-10925,33.0,Female,62974.04,45,4,130.52,1
CUST-10926,25.0,Male,72127.9,20,7,40.47,0
CUST-10927,21.0,Male,36619.08,61,5,95.33,1
CUST-10928,57.0,Male,63522.49,38,6,152.71,0
CUST-10929,21.0,Male,50182.46,20,6,59.82,0
CUST-10930,42.0,Male,70241.87,25,6,88.56,1
CUST-10931,20.0,Male,16709.91,2,6,76.51,0
CUST-10932,49.0,Female,53216.3,32,5,84.6,0
CUST-10933,20.0,Female,44149.23,26,10,66.51,0
CUST-10934,44.0,Male,62780.73,70,7,99.3,0
CUST-10935,46.0,Other,63460.8,41,8,158.96,0
CUST-10936,49.0,Female,42262.73,67,7,99.5,0
CUST-10937,67.0,Male,42180.87,1,7,124.75,0
CUST-10938,68.0,Male,53008.02,51,6,96.68,0
CUST-10939,36.0,Female,38860.44,5,4,98.43,1
CUST-10940,38.0,Female,70155.71,13,7,182.56,1
CUST-10941,22.0,Female,48354.27,19,8,130.69,0
CUST-10942,35.0,Male,15000.0,12,7,314.52,0
CUST-10943,45.0,Male,48253.2,48,9,99.24,0
CUST-10944,59.0,Male,36306.21,25,6,85.54,1
CUST-10945,39.0,Male,25637.04,57,4,63.56,0
CUST-10946,38.0,Male,32726.32,35,9,87.76,1
CUST-10947,23.0,Male,56969.35,5,2,118.68,0
CUST-10948,18.0,Female,78915.53,22,3,81.13,0
CUST-10949,22.0,Female,60637.32,57,6,114.22,0
CUST-10950,58.0,Male,44082.94,47,8,46.35,0
CUST-10951,29.0,Female,63206.28,54,5,149.21,0
CUST-10952,43.0,Male,46736.37,3,4,60.69,0
CUST-10953,63.0,Male,42497.19,53,4,85.53,1
CUST-10954,51.0,Male,34221.47,31,7,68.12,0
CUST-10955,66.0,Female,23467.08,69,7,124.39,0
CUST-10956,31.0,Other,47981.37,33,9,95.24,0
CUST-10957,43.0,Female,57844.96,50,9,136.99,0
CUST-10958,,Male,53260.77,16,5,117.53,0
CUST-10959,44.0,Female,47512.6,39,5,109.62,0
CUST-10960,26.0,Male,37976.57,46,8,67.85,1
CUST-10961,43.0,Female,65948.43,47,4,139.09,0
CUST-10962,64.0,Female,31291.63,44,6,81.96,1
CUST-10963,,Male,68968.5,9,4,94.43,0
CUST-10964,64.0,Female,36960.09,50,6,144.37,0
CUST-10965,47.0,Female,41456.17,60,7,64.6,0
CUST-10966,60.0,Male,28597.87,15,7,97.71,0
CUST-10967,65.0,Female,45974.76,36,5,105.31,0
CUST-10968,34.0,Male,72555.62,63,7,164.15,0
CUST-10969,43.0,Female,64281.31,69,7,78.99,0
CUST-10970,53.0,Female,72611.6,41,3,53.86,0
CUST-10971,18.0,Female,64398.57,24,5,175.77,1
CUST-10972,25.0,Female,35133.94,49,8,113.55,1
CUST-10973,66.0,Female,49045.79,18,6,135.63,0
CUST-10974,52.0,Male,40956.42,7,7,109.62,0
CUST-10975,69.0,Female,78950.35,4,8,113.76,0
CUST-10976,32.0,Male,33457.8,69,4,110.39,0
CUST-10977,64.0,Female,71086.56,60,7,160.5,1
CUST-10978,,Male,71073.17,55,8,195.42,0
CUST-10979,31.0,Male,87933.16,16,8,81.49,0
CUST-10980,43.0,Female,47625.64,29,6,106.97,0
CUST-10981,45.0,Male,67821.8,23,6,84.2,0
CUST-10982,40.0,Female,96069.73,14,6,37.34,0
CUST-10983,31.0,Male,43882.45,49,7,105.97,0
CUST-10984,41.0,Male,27369.28,33,5,159.4,1
CUST-10985,19.0,Female,,25,6,94.15,0
CUST-10986,62.0,Male,67828.82,21,1,70.84,1
CUST-10987,43.0,Male,21103.3,17,6,106.11,1
CUST-10988,31.0,Female,48298.26,23,8,112.31,1
CUST-10989,68.0,Male,62871.64,57,2,104.25,1
CUST-10990,24.0,Female,58333.16,58,5,101.52,0
CUST-10991,,Male,62658.01,14,8,96.94,0
CUST-10992,64.0,Male,59001.22,20,3,74.16,1
CUST-10993,40.0,Female,78019.58,30,6,56.36,0
CUST-10994,63.0,Male,37858.31,19,7,86.75,0
CUST-10995,60.0,Male,42814.09,53,8,186.82,0
CUST-10996,64.0,Male,,56,9,83.56,0
CUST-10997,62.0,Male,69943.45,23,9,45.96,0
CUST-10998,35.0,Female,71207.17,62,2,91.08,0
CUST-10999,55.0,Male,63122.06,33,4,113.59,1
CUST-11000,52.0,Female,76302.89,18,6,121.27,0
CUST-11001,68.0,Female,33795.26,33,9,164.19,1
CUST-11002,32.0,Male,85010.03,32,6,98.04,0
CUST-11003,42.0,Female,82418.3,61,6,111.24,0
CUST-11004,54.0,Male,68241.2,54,7,102.5,0
CUST-11005,45.0,Other,87072.38,17,5,196.19,0
CUST-11006,27.0,Male,25180.78,19,6,235.6,0
CUST-11007,56.0,Female,45559.93,70,1,77.97,0
CUST-11008,34.0,Female,41764.54,34,10,127.87,0
CUST-11009,56.0,Male,67986.63,25,8,187.06,0
CUST-11010,39.0,Female,36097.47,68,10,150.37,0
CUST-11011,43.0,Female,68634.91,11,11,54.64,0
CUST-11012,61.0,Male,79669.65,16,6,112.09,1
CUST-11013,42.0,Male,67513.65,61,7,96.74,0
CUST-11014,34.0,Female,60107.52,7,6,322.57,0
CUST-11015,30.0,Female,37218.28,16,7,129.33,1
CUST-11016,37.0,Other,39756.68,16,2,27.42,0
CUST-11017,42.0,Female,77493.14,40,5,90.14,0
CUST-11018,21.0,Other,69028.28,12,5,74.96,1
CUST-11019,27.0,Female,54297.65,35,4,76.8,0
CUST-11020,20.0,Male,47477.63,21,5,71.11,0
CUST-11021,58.0,Male,18535.46,50,7,145.45,0
CUST-11022,62.0,Female,35724.66,43,6,45.6,1
CUST-11023,35.0,Female,89405.54,17,4,124.11,0
CUST-11024,64.0,Male,31951.8,32,7,112.95,0
CUST-11025,53.0,Male,58410.64,41,6,141.96,0
CUST-11026,64.0,Other,73133.99,6,8,107.25,0
CUST-11027,39.0,Female,32411.39,27,3,44.31,0
CUST-11028,51.0,Male,,20,9,96.79,1
CUST-11029,64.0,Male,71882.48,25,5,83.98,1
CUST-11030,,Male,,66,7,138.63,0
CUST-11031,57.0,Male,106631.26,9,6,70.52,0
CUST-11032,66.0,Male,24965.21,53,7,93.79,0
CUST-11033,61.0,Male,74057.11,61,3,112.85,0
CUST-11034,36.0,Female,51889.57,38,8,162.64,0
CUST-11035,59.0,Male,68894.56,3,8,65.12,1
CUST-11036,58.0,Female,62943.53,70,10,156.28,0
CUST-11037,54.0,Female,41803.19,55,4,129.19,1
CUST-11038,23.0,Male,59121.94,1,4,103.77,1
CUST-11039,69.0,Female,21557.77,70,3,59.86,0
CUST-11040,43.0,Male,65858.46,45,8,101.74,0
CUST-11041,51.0,Female,60366.85,47,9,47.52,1
CUST-11042,62.0,Male,66495.88,26,9,115.34,0
CUST-11043,23.0,Female,74046.13,14,6,119.37,1
CUST-11044,54.0,Female,61617.16,54,5,192.52,0
CUST-11045,50.0,Male,57665.61,71,6,109.24,0
CUST-11046,39.0,Male,39140.77,46,9,51.27,0
CUST-11047,38.0,Female,42180.03,31,2,75.39,1
CUST-11048,23.0,Female,76361.22,59,8,58.99,0
CUST-11049,23.0,Male,80854.04,29,4,119.85,1
CUST-11050,65.0,Female,50714.01,17,6,138.53,1
CUST-11051,21.0,Male,55828.05,14,1,46.8,0
CUST-11052,47.0,Female,38716.94,36,10,73.77,0
CUST-11053,28.0,Male,76109.62,58,7,285.74,0
CUST-11054,47.0,Female,66977.5,24,4,73.08,0
CUST-11055,48.0,Male,89941.91,63,5,96.07,0
CUST-11056,41.0,Male,39190.18,25,6,94.62,1
CUST-11057,26.0,Male,48195.86,59,5,85.53,1
CUST-11058,20.0,Male,59166.03,32,5,110.78,0
CUST-11059,68.0,Female,66636.81,18,5,110.01,0
CUST-11060,48.0,Male,51117.98,37,7,100.51,1
CUST-11061,57.0,Female,39286.7,26,6,162.07,1
CUST-11062,54.0,Male,70865.34,9,6,170.22,0
CUST-11063,53.0,Male,,64,4,129.12,0
CUST-11064,41.0,Male,38507.07,20,6,94.17,0
CUST-11065,48.0,Male,79397.97,54,5,78.36,0
CUST-11066,23.0,Male,76063.58,30,7,89.43,0
CUST-11067,19.0,Male,57417.34,53,7,119.24,0
CUST-11068,37.0,Female,56432.76,63,4,88.31,1
CUST-11069,45.0,Male,64973.04,11,8,168.72,0
CUST-11070,28.0,Female,39489.34,31,5,57.66,0
CUST-11071,21.0,Female,55540.57,49,6,109.22,0
CUST-11072,32.0,Male,16257.1,19,4,56.91,1
CUST-11073,23.0,Male,70776.2,12,6,61.03,0
CUST-11074,66.0,Other,26893.12,15,5,82.86,1
CUST-11075,47.0,Female,82061.56,31,3,66.15,0
CUST-11076,55.0,Female,49057.84,43,7,132.96,0
CUST-11077,68.0,Male,51189.99,37,8,30.04,0
CUST-11078,19.0,Female,43700.79,29,2,73.77,1
CUST-11079,32.0,Female,49815.3,26,6,64.37,1
CUST-11080,28.0,Female,80533.56,2,5,62.87,1
CUST-11081,25.0,Other,15000.0,15,6,128.22,0
CUST-11082,,Male,77985.38,4,1,125.9,0
CUST-11083,68.0,Male,61084.42,50,6,141.12,1
CUST-11084,62.0,Female,,38,4,151.6,0
CUST-11085,61.0,Female,35644.38,23,7,102.48,1
CUST-11086,22.0,Male,85175.07,59,4,49.52,1
CUST-11087,23.0,Male,37980.88,28,6,72.27,0
CUST-11088,43.0,Male,34239.69,66,7,89.61,0
CUST-11089,21.0,Male,75471.66,8,3,920.0,1
CUST-11090,36.0,Female,61093.95,29,9,128.73,1
CUST-11091,37.0,Female,38117.34,11,5,89.02,1
CUST-11092,50.0,Male,58899.25,18,5,35.9,0
CUST-11093,37.0,Male,36536.45,55,10,124.32,0
CUST-11094,66.0,Male,74814.79,50,6,48.51,0
CUST-11095,29.0,Male,74104.68,14,6,68.93,0
CUST-11096,64.0,Female,64576.11,9,7,72.52,1
CUST-11097,18.0,Other,61509.9,11,3,89.8,0
CUST-11098,43.0,Female,86701.39,63,3,81.15,0
CUST-11099,31.0,Male,54994.35,67,6,80.45,0
CUST-11100,55.0,Female,33726.27,53,2,104.67,0
CUST-11101,54.0,Female,63090.53,39,12,175.02,0
CUST-11102,28.0,Female,92548.85,56,7,42.73,1
CUST-11103,53.0,Male,36734.33,28,5,39.05,0
CUST-11104,30.0,Male,48493.67,39,5,172.04,1
CUST-11105,60.0,Male,,25,7,139.63,0
CUST-11106,20.0,Male,54029.71,21,7,121.96,0
CUST-11107,50.0,Male,37318.54,10,7,55.96,1
CUST-11108,23.0,Male,75193.44,43,6,85.59,0
CUST-11109,67.0,Female,96760.73,15,3,112.29,0
CUST-11110,27.0,Female,58530.37,48,7,80.68,0
CUST-11111,22.0,Male,38726.77,21,6,29.9,0
CUST-11112,40.0,Male,27118.71,60,4,55.42,0
CUST-11113,27.0,Other,59643.57,50,8,54.98,0
CUST-11114,61.0,Female,74869.79,23,3,72.77,0
CUST-11115,19.0,Female,63553.02,13,5,75.4,1
CUST-11116,30.0,,54956.73,69,3,88.23,1
CUST-11117,57.0,Female,44393.11,4,3,114.11,0
CUST-11118,19.0,Other,35341.05,9,6,55.41,1
CUST-11119,,Male,70025.52,35,6,87.54,0
CUST-11120,18.0,Male,71447.89,21,3,86.64,1
CUST-11121,54.0,Male,27176.86,58,7,146.6,0
CUST-11122,26.0,Male,83617.1,18,4,65.66,1
CUST-11123,34.0,Male,65333.28,43,9,69.42,0
CUST-11124,26.0,Female,80192.7,6,5,63.36,0
CUST-11125,28.0,Female,30841.7,67,6,98.39,1
CUST-11126,32.0,Female,30415.17,12,3,84.52,0
CUST-11127,41.0,Male,52318.55,12,10,134.1,0
CUST-11128,55.0,Female,64050.12,66,4,71.51,0
CUST-11129,52.0,Female,87334.49,2,5,105.71,1
CUST-11130,47.0,Male,67709.42,15,6,109.4,1
CUST-11131,48.0,Female,50631.74,23,3,69.82,1
CUST-11132,66.0,Male,36525.35,29,11,67.72,1
CUST-11133,22.0,Male,77140.01,7,9,74.46,1
CUST-11134,61.0,Female,37635.3,28,9,60.36,1
CUST-11135,67.0,Male,84312.43,14,5,135.48,0
CUST-11136,31.0,Male,49881.08,44,9,81.42,0
CUST-11137,28.0,Female,83630.48,30,5,112.5,0
CUST-11138,26.0,Female,67220.76,32,4,97.18,0
CUST-11139,51.0,Male,52534.08,70,10,28.75,0
CUST-11140,29.0,Male,45650.87,6,8,120.84,0
CUST-11141,52.0,Male,48863.66,27,3,49.12,1
CUST-11142,52.0,Female,62709.7,24,5,93.18,1
CUST-11143,,Male,56388.82,34,10,1400.0,0
CUST-11144,57.0,Male,44311.39,40,6,118.0,0
CUST-11145,39.0,Other,52018.63,47,9,152.85,0
CUST-11146,46.0,Female,56414.39,24,8,151.8,0
CUST-11147,25.0,Male,16682.79,65,13,106.36,0
CUST-11148,28.0,Female,63247.03,18,3,84.15,0
CUST-11149,58.0,Female,37365.02,44,3,67.38,0
CUST-11150,54.0,Male,34240.02,57,10,142.34,0
CUST-11151,31.0,Male,24627.8,28,1,134.76,0
CUST-11152,47.0,Female,22709.94,71,6,59.33,0
CUST-11153,52.0,Male,30601.94,23,9,60.18,1
CUST-11154,38.0,Female,42237.62,34,4,86.13,1
CUST-11155,54.0,Male,90158.66,11,7,16.64,0
CUST-11156,22.0,Male,45534.17,35,4,45.72,0
CUST-11157,36.0,Male,,42,6,122.09,1
CUST-11158,31.0,Male,62208.66,28,5,38.57,1
CUST-11159,43.0,Male,57359.17,24,4,112.16,1
CUST-11160,21.0,Male,53606.02,8,5,79.95,0
CUST-11161,42.0,Female,33484.71,53,3,59.03,0
CUST-11162,62.0,,81116.7,4,8,125.1,0
CUST-11163,59.0,Female,87529.54,5,7,177.6,0
CUST-11164,42.0,Female,24712.14,49,7,67.02,1
CUST-11165,35.0,Male,36567.49,30,7,157.16,1
CUST-11166,57.0,Other,49963.41,63,6,104.47,0
CUST-11167,25.0,Male,37638.32,47,6,98.74,0
CUST-11168,56.0,Other,64107.38,26,6,172.08,0
CUST-11169,57.0,,41891.1,57,7,230.1,0
CUST-11170,31.0,Female,93971.01,37,4,63.08,0
CUST-11171,49.0,,76429.87,7,6,113.84,0
CUST-11172,68.0,Female,58826.33,40,5,106.54,1
CUST-11173,55.0,Male,73485.75,39,3,76.57,0
CUST-11174,50.0,Male,74906.21,62,7,83.8,0
CUST-11175,40.0,Female,44848.95,53,8,215.94,0
CUST-11176,32.0,Male,40308.09,4,9,72.03,0
CUST-11177,50.0,Female,56406.58,25,10,53.56,0
CUST-11178,42.0,,70509.45,7,7,137.36,1
CUST-11179,34.0,Male,57503.09,28,8,61.44,0
CUST-11180,50.0,Female,26614.06,69,3,175.49,1
CUST-11181,64.0,Female,40549.16,67,5,139.04,0
CUST-11182,19.0,Female,53668.49,20,3,37.25,0
CUST-11183,31.0,Other,53638.02,11,8,157.23,0
CUST-11184,57.0,Female,90505.76,67,4,227.53,0
CUST-11185,57.0,Other,30052.22,7,7,88.83,0
CUST-11186,68.0,Female,,23,4,35.74,0
CUST-11187,56.0,Male,81804.04,61,6,25.71,0
CUST-11188,,Male,95886.1,71,4,114.69,0
CUST-11189,23.0,Female,47720.85,34,6,151.35,0
CUST-11190,23.0,Male,63845.73,19,5,89.26,0
CUST-11191,20.0,Female,65255.69,58,8,187.01,0
CUST-11192,24.0,Female,58518.67,9,5,59.51,1
CUST-11193,68.0,Male,53220.79,48,4,134.29,0
CUST-11194,25.0,Female,62847.56,41,5,45.15,0
CUST-11195,59.0,Female,15000.0,48,6,157.24,0
CUST-11196,69.0,Female,67277.25,45,4,60.22,0
CUST-11197,32.0,Male,57271.2,25,4,76.99,0
CUST-11198,64.0,Male,50995.45,25,6,54.22,0
CUST-11199,46.0,Male,91843.52,19,6,106.31,0
CUST-11178,42.0,,70509.45,7,7,137.36,1
CUST-10865,61.0,,,29,7,73.46,0
CUST-10101,18.0,Male,,21,3,98.08,1
CUST-10439,68.0,Female,71240.99,51,3,55.44,0
CUST-10058,24.0,Male,45924.76,35,1,206.12,1
CUST-11120,18.0,Male,71447.89,21,3,86.64,1
CUST-10323,52.0,Female,38463.64,24,6,39.69,1
CUST-10974,52.0,Male,40956.42,7,7,109.62,0
CUST-10411,59.0,Female,69203.02,2,2,112.91,1
CUST-10855,45.0,Female,60788.68,41,3,113.16,0
CUST-10820,51.0,Female,15000.0,14,8,104.2,0
CUST-10044,38.0,,32456.92,18,7,90.19,0
CUST-10049,42.0,Female,58581.07,41,7,107.3,0
CUST-10849,21.0,Female,47877.75,68,9,138.6,0
CUST-10240,49.0,Female,38508.55,47,6,40.42,0
CUST-10170,46.0,Male,37652.34,57,3,105.57,1
CUST-10523,33.0,Male,39163.34,28,9,83.49,1
CUST-10765,25.0,Female,56903.57,27,8,127.48,0
CUST-10838,27.0,Female,62658.82,35,9,1250.0,1
CUST-10423,43.0,Male,60603.56,26,2,190.76,0
CUST-10380,52.0,Male,77273.89,50,9,103.82,0
CUST-10609,52.0,Male,20301.89,30,7,74.4,1
CUST-10676,27.0,Male,45527.54,44,3,105.47,0
CUST-10344,34.0,Female,39370.73,43,7,30.73,1
CUST-10109,41.0,Female,35197.22,36,6,137.96,1
