Age,Gender,AnnualIncome,TenureMonths,PurchaseFrequency,AvgOrderValue,CSAT_Rating,Churn
56,Female,43877.94,16,4,54.32,1,1
69,Male,35887.94,4,2,124.76,4,1
46,Female,95253.39,12,6,183.2,3,0
32,Unknown,79920.5,29,6,144.32,4,0
60,Male,54240.37,7,7,175.79,3,0
25,Male,89765.9,14,8,85.51,5,0
38,Male,53166.46,12,5,117.64,4,0
56,Female,68039.39,5,8,145.47,4,1
36,Female,55183.09,32,10,50.75,4,0
40,Male,62160.5,43,5,66.03,5,0
28,Female,60251.71,69,3,112.07,4,0
28,Male,47350.26,45,5,85.26,2,0
41,Male,74664.97,9,3,49.88,5,0
53,Female,67887.14,49,8,73.64,4,0
57,Male,73498.5,33,9,81.28,4,0
41,Female,60764.09,18,7,129.8,5,0
20,Male,38681.74,9,7,158.47,3,0
39,Unknown,85768.95,62,6,68.93,3,0
19,Male,50273.99,57,9,79.36,4,0
41,Male,61553.21,29,5,32.82,4,1
61,Female,66436.86,25,5,148.63,3,0
47,Male,61433.59,15,5,79.59,4,0
55,Unknown,71477.51,6,6,67.38,3,0
19,Female,74320.8,42,2,59.13,4,0
38,Female,50953.0,29,6,271.14,4,1
50,Female,84258.41,4,6,159.72,2,1
29,Female,50195.74,57,5,72.58,4,0
39,Female,61061.48,49,7,167.73,4,0
61,Female,48021.79,44,6,105.19,3,0
42,Female,42877.48,14,5,117.67,3,1
66,Male,73795.44,3,3,92.65,1,1
44,Male,111194.14,62,5,106.05,4,1
59,Female,48488.32,64,5,30.81,3,0
45,Male,76875.79,45,5,74.11,3,0
33,Female,49133.6,58,4,63.34,3,0
32,Male,54811.27,20,4,40.73,4,1
64,Male,86636.51,58,4,58.68,4,0
68,Female,35676.36,57,3,87.49,4,0
61,Female,30913.14,68,9,179.78,3,0
69,Male,53430.42,52,6,110.5,4,0
20,Female,66945.81,37,6,113.42,4,0
54,Female,63346.0,8,8,87.87,3,0
68,Male,61492.23,44,1,151.61,2,0
24,Female,55614.38,5,7,73.94,5,0
38,Male,69157.72,69,2,167.19,4,0
26,Male,2553.9,31,1,81.96,4,1
56,Unknown,41485.5,45,6,92.1,1,0
35,Male,53314.98,9,7,46.58,4,0
21,Female,67681.63,32,2,97.6,4,0
42,Female,81815.77,33,6,215.58,5,0
31,Male,39068.21,67,6,163.86,5,0
67,Female,81227.42,30,7,193.67,5,0
26,Female,46853.89,29,5,61.02,5,1
43,Male,52661.62,3,5,73.51,1,0
19,Female,65465.79,57,3,95.13,5,0
37,Female,51341.75,30,6,190.82,1,0
45,Female,74982.12,9,9,41.74,5,0
64,Female,47717.13,26,7,61.48,3,0
24,Male,47988.37,2,7,75.43,4,1
61,Female,73935.64,62,6,66.29,1,0
25,Female,41263.76,3,3,52.27,4,1
64,Female,59480.72,46,3,60.09,2,0
52,Female,25111.31,68,5,100.01,3,0
31,Female,87753.51,25,8,70.69,4,0
34,Female,76717.93,51,9,152.75,4,0
53,Female,104501.93,13,4,105.1,1,0
67,Female,79090.55,44,5,30.73,3,0
57,Female,34666.3,35,6,63.09,1,1
21,Female,67035.7,55,10,52.51,4,0
19,Female,38475.84,9,8,37.54,5,0
23,Male,83404.68,2,5,43.86,4,1
59,Male,35179.47,61,6,87.56,2,0
21,Male,34315.21,41,4,160.34,3,0
46,Female,26023.39,44,5,83.04,5,0
35,Female,46209.16,64,7,149.56,2,0
43,Female,42589.4,31,3,69.53,4,0
61,Male,32290.32,47,9,95.04,3,0
51,Female,90816.56,2,6,147.38,4,0
27,Male,64537.85,69,5,60.75,5,0
53,Male,62420.22,58,8,98.41,3,0
31,Female,83604.96,44,7,193.54,4,0
48,Female,59612.64,56,8,109.17,4,0
65,Male,41523.76,43,5,242.77,3,0
32,Male,24396.22,34,4,93.56,3,0
25,Male,40508.97,30,9,105.75,4,0
31,Male,82097.48,71,7,110.44,2,0
40,Female,32403.95,70,4,49.84,4,0
57,Male,61356.29,55,6,90.26,1,0
38,Female,73610.65,67,7,58.86,2,0
33,Female,60136.21,13,4,98.1,3,0
62,Male,62181.7,3,7,51.17,2,1
35,Male,66800.87,26,3,56.39,3,0
64,Male,61827.06,57,4,109.75,3,0
41,Male,83963.34,24,7,130.04,4,0
43,Male,36274.75,53,5,112.58,5,0
42,Female,59327.65,70,6,111.86,4,0
62,Male,22271.67,43,3,137.88,2,0
58,Unknown,17672.57,60,4,97.64,5,0
46,Male,53529.92,58,6,61.03,3,0
32,Female,64780.83,49,6,196.84,3,0
62,Female,84352.02,42,5,73.07,3,0
18,Female,98556.25,66,6,64.73,3,0
42,Female,78757.49,11,9,50.11,5,0
24,Female,68088.98,18,7,128.95,3,0
26,Female,57879.37,52,4,70.75,4,0
41,Female,27437.89,46,6,185.05,3,0
18,Female,52371.34,44,6,75.69,4,0
61,Male,78226.78,22,7,51.64,4,0
25,Male,71169.07,53,4,85.24,3,0
41,Female,31845.99,59,5,102.02,4,0
28,Female,66052.46,30,5,77.92,4,0
68,Female,64511.07,8,5,91.66,4,0
34,Female,61298.02,57,3,139.41,4,0
25,Unknown,54498.6,20,7,147.5,4,0
52,Male,66980.51,25,5,129.7,2,0
52,Male,67551.63,19,12,102.83,4,0
50,Male,43453.74,5,5,78.86,3,1
22,Male,63190.25,27,6,119.42,3,0
59,Female,51590.89,40,3,124.15,5,0
56,Male,28229.79,26,4,219.56,1,1
58,Female,44891.07,27,6,137.6,3,0
45,Male,26853.59,62,6,107.75,2,0
24,Female,72641.68,50,7,145.49,1,0
26,Female,61406.01,42,5,153.05,3,0
25,Male,48601.17,29,13,146.97,5,0
29,Female,80569.38,39,1,42.06,3,0
51,Male,56223.84,60,6,76.57,4,0
50,Male,29237.99,41,4,91.21,2,1
65,Male,47089.39,33,3,117.03,4,0
40,Male,84391.38,16,4,53.31,5,0
41,Male,42949.44,23,3,131.6,3,0
54,Female,59953.98,7,4,85.81,5,0
52,Female,68389.78,26,6,103.68,5,0
61,Female,65619.07,12,6,81.98,4,0
57,Male,99090.28,5,10,80.03,3,0
39,Female,33826.54,69,6,40.71,4,0
44,Male,35623.66,49,6,131.33,5,0
52,Male,34124.42,26,3,49.93,2,0
18,Female,49673.47,5,7,30.77,3,0
52,Male,74788.79,22,5,47.46,3,0
54,Female,36428.78,13,7,35.27,3,1
64,Female,75040.49,28,3,202.85,5,0
31,Male,55632.28,33,8,75.97,3,0
20,Male,35038.06,23,8,162.92,3,0
18,Male,23475.34,18,6,68.82,4,1
22,Female,27503.73,30,8,118.56,2,0
43,Male,43014.64,26,8,156.34,2,1
31,Male,51955.28,16,6,99.58,4,0
56,Male,79229.13,39,12,136.01,3,0
44,Female,69383.59,33,5,122.34,3,0
26,Male,39899.06,26,4,188.77,1,1
32,Male,62355.98,48,10,166.32,4,0
32,Female,84727.83,65,10,107.05,4,0
43,Female,88730.51,38,7,139.39,5,0
59,Male,49340.69,2,6,60.72,3,0
30,Male,72249.19,6,1,68.76,4,1
68,Male,80019.2,46,4,139.64,5,0
49,Female,27872.71,50,7,169.72,3,1
56,Male,45776.67,38,9,99.45,5,0
66,Female,94960.34,18,5,187.3,5,0
69,Female,49581.35,27,4,135.45,2,0
49,Female,2278.88,41,6,101.7,3,0
21,Male,52822.69,17,4,197.18,2,0
47,Female,75243.26,62,6,180.89,2,0
54,Female,55117.19,29,3,121.96,5,0
40,Female,67876.55,58,3,183.87,5,1
56,Male,71888.0,70,6,72.93,1,0
62,Unknown,48611.13,22,5,85.54,4,0
32,Male,45650.93,6,10,40.68,4,0
60,Male,57761.94,26,6,66.91,3,0
46,Male,58200.02,39,10,59.16,4,0
53,Female,55973.38,12,6,54.15,5,0
30,Male,56712.82,14,6,234.95,2,1
49,Male,41526.17,22,4,151.41,2,1
24,Male,68505.16,51,4,141.69,1,0
68,Male,65786.18,23,2,73.51,3,1
39,Female,30951.85,48,6,61.01,3,0
45,Female,47995.08,71,3,60.85,3,0
19,Male,56675.44,50,7,36.35,4,0
59,Male,45382.37,13,5,129.53,4,0
62,Female,66472.7,10,5,80.6,3,1
23,Male,53796.11,55,7,52.14,3,1
45,Male,58043.31,9,5,63.6,4,0
45,Unknown,47787.23,52,4,92.55,5,0
61,Female,19122.06,2,8,137.17,3,0
61,Male,18093.73,25,5,78.6,3,1
37,Female,65612.97,13,5,167.1,4,0
47,Male,59804.42,51,4,179.58,1,0
28,Female,62895.92,58,6,185.79,3,0
45,Male,57420.51,34,6,81.86,3,0
42,Male,58862.21,35,4,103.72,2,0
56,Male,72442.42,3,7,69.93,2,1
50,Female,63003.15,59,4,86.19,3,0
18,Female,73736.37,70,6,75.97,4,0
44,Male,58086.31,48,8,53.41,5,0
69,Male,49593.13,64,4,99.37,5,0
30,Female,58495.65,19,3,91.02,1,0
58,Male,39948.8,67,7,127.24,2,0
20,Male,48162.76,5,4,128.66,4,0
56,Unknown,58196.28,67,8,93.37,4,0
23,Male,57957.73,11,9,119.69,3,0
25,Female,53084.46,68,6,86.44,2,0
44,Unknown,30012.68,69,6,62.41,3,0
26,Male,66455.37,1,7,56.34,3,0
54,Male,70016.11,63,11,67.42,2,0
50,Male,84586.43,29,3,94.1,5,0
68,Female,62951.97,12,8,134.41,2,1
59,Female,55026.31,41,3,47.13,5,0
61,Female,36765.47,2,4,57.93,5,1
41,Male,81856.32,37,5,220.41,3,0
32,Female,59460.99,45,7,64.98,4,0
49,Female,58480.72,48,7,174.85,4,0
49,Female,50426.99,24,5,65.25,2,1
41,Female,49276.55,22,10,61.7,3,0
58,Female,67388.8,11,3,180.04,4,0
69,Female,36614.07,58,2,44.16,4,0
66,Female,84257.77,46,5,97.95,4,0
66,Male,80335.48,29,6,52.72,3,0
69,Male,48626.89,35,7,81.14,3,0
29,Female,39450.44,15,5,41.29,4,0
56,Male,18726.29,60,5,90.76,3,0
19,Female,32474.55,42,7,45.4,4,0
20,Unknown,68138.41,43,8,156.95,5,0
66,Female,60676.15,49,2,28.63,4,0
54,Male,63885.76,64,10,81.63,4,0
66,Male,21779.57,32,5,49.16,4,0
34,Male,47875.32,64,5,36.54,4,0
66,Female,79610.91,2,7,54.26,4,0
19,Female,53271.51,24,5,133.31,1,1
19,Female,32098.69,66,9,60.67,5,0
45,Male,52991.16,38,14,64.22,1,0
40,Female,41121.69,31,8,177.64,3,0
54,Female,61006.22,26,7,45.06,2,0
49,Male,55369.82,29,5,114.88,2,0
50,Female,64779.34,67,10,142.88,4,0
18,Male,33077.37,25,6,120.6,3,0
36,Male,46923.1,48,3,38.89,4,0
19,Female,74627.82,65,3,62.6,3,0
61,Male,30622.96,53,6,76.58,3,0
43,Female,36943.98,67,7,137.04,3,0
49,Female,58587.35,18,9,139.99,4,0
23,Female,60161.14,9,8,43.85,4,0
49,Male,46200.7,38,5,159.61,3,0
21,Female,49988.21,21,10,112.8,3,0
28,Female,64598.06,65,4,26.29,5,0
34,Female,70293.43,21,7,53.1,2,0
55,Male,35754.01,27,5,73.8,4,0
41,Male,61557.75,70,6,133.73,3,0
22,Female,82216.29,44,7,106.3,2,0
69,Male,52913.94,28,4,113.54,3,0
51,Female,35562.9,45,7,75.35,1,0
23,Female,34730.35,17,4,140.64,5,0
39,Female,52106.73,40,9,126.73,4,0
28,Female,73645.25,3,10,105.63,4,1
65,Female,54266.39,66,4,104.21,4,0
33,Female,58406.18,46,5,98.58,4,0
50,Female,37065.85,30,8,74.25,4,0
26,Female,72696.12,69,10,60.96,5,0
23,Male,34378.15,9,8,82.87,2,0
33,Male,45919.06,11,9,51.73,3,0
46,Female,66338.47,69,8,106.83,4,0
20,Male,18290.23,66,8,211.52,5,0
37,Male,58131.3,31,6,125.67,5,0
53,Male,36296.68,33,2,224.24,4,0
36,Female,55297.89,39,9,135.82,2,0
43,Female,48663.0,46,2,122.6,2,0
20,Female,92905.03,37,2,164.58,5,0
36,Female,47923.82,60,4,29.55,3,0
37,Female,88167.72,31,4,162.48,2,1
49,Male,65565.14,11,5,90.29,5,0
24,Female,40573.74,2,6,127.71,2,1
69,Male,60954.6,27,9,114.01,4,0
58,Female,49520.62,2,6,93.05,4,0
50,Female,59358.83,21,4,157.22,2,1
57,Male,42149.96,58,5,115.86,3,1
56,Male,85423.2,5,5,67.71,2,0
35,Male,71657.17,52,5,74.28,4,0
57,Male,55572.07,45,12,129.8,3,0
18,Male,86124.07,20,5,64.97,1,0
28,Female,56337.03,61,5,170.32,5,0
45,Female,74757.25,38,4,60.3,3,1
42,Female,55689.41,20,7,203.85,3,0
67,Female,62089.98,25,7,109.06,2,0
40,Female,53534.1,2,4,93.77,2,1
48,Female,56715.42,32,7,204.24,5,0
47,Male,58069.57,26,6,62.05,3,0
59,Female,42944.83,70,8,146.22,3,0
52,Male,47780.76,41,4,200.98,5,0
24,Unknown,51098.41,67,4,78.2,4,0
33,Female,59134.8,1,3,93.41,3,0
43,Female,54449.58,51,10,80.07,5,0
65,Male,76114.59,5,9,50.12,4,0
69,Female,70248.13,13,2,81.14,2,1
66,Female,51466.1,19,4,138.36,4,0
19,Male,79872.11,12,5,48.99,5,0
18,Male,88714.37,48,5,133.34,4,0
65,Female,18211.13,25,6,37.04,4,1
29,Male,71781.22,57,3,74.39,5,0
22,Female,42526.28,35,5,103.84,4,0
54,Male,69413.46,5,10,111.71,2,1
49,Male,77288.28,22,5,137.95,3,0
26,Female,39214.13,57,4,35.99,4,0
58,Male,21658.11,47,6,131.32,3,0
52,Female,70037.81,54,3,152.0,5,0
36,Male,57437.24,3,7,71.16,3,0
65,Male,24968.1,53,4,95.66,3,0
33,Female,100532.16,31,7,117.78,4,0
20,Female,66239.55,69,3,78.94,4,0
37,Female,67061.8,33,6,48.62,3,0
41,Female,79584.72,50,6,83.6,1,0
50,Female,44545.17,16,4,119.41,4,1
41,Male,57348.17,39,8,54.42,5,0
69,Male,31252.21,46,9,8.71,4,0
28,Female,44056.93,47,1,170.82,3,0
66,Female,61941.88,44,6,139.02,2,0
25,Female,25024.88,9,4,84.62,4,1
53,Male,43546.79,50,9,55.38,5,0
55,Male,38297.19,60,6,110.24,3,0
57,Female,57557.66,15,4,63.87,4,0
37,Female,65344.62,36,6,55.65,3,1
52,Female,68358.75,63,3,62.94,4,0
65,Female,72978.7,69,6,97.77,5,0
42,Female,79698.1,41,10,121.12,2,0
52,Male,65930.42,24,8,97.82,4,0
42,Male,88972.05,49,7,138.23,2,0
46,Male,57151.05,18,2,204.57,3,1
35,Male,51880.22,7,2,101.03,4,0
63,Female,65931.53,4,9,118.15,1,0
35,Male,51104.6,69,9,99.17,4,0
19,Female,88346.17,60,10,71.76,3,0
52,Male,75357.7,55,10,107.56,4,0
33,Male,68505.01,16,3,32.73,2,1
58,Male,57365.55,29,8,87.39,4,0
53,Male,47665.41,23,8,90.41,4,0
50,Female,67623.85,14,8,104.97,5,0
21,Male,34712.25,49,5,140.72,5,0
50,Female,82618.54,33,4,113.38,3,0
31,Male,51802.54,25,7,104.84,1,0
38,Male,60491.92,21,6,61.49,4,0
65,Male,38627.18,17,7,142.21,4,0
37,Female,68013.75,23,2,112.61,1,1
25,Female,46832.65,57,4,118.82,2,0
24,Male,66686.12,58,2,101.35,4,0
20,Male,68633.08,14,6,117.43,5,0
34,Female,43342.62,20,4,114.65,5,1
50,Male,34776.48,30,8,115.24,2,0
65,Male,82574.2,19,1,89.93,3,1
29,Female,51538.62,53,7,103.64,1,0
68,Female,59047.28,56,2,118.08,3,0
39,Male,63738.36,23,6,110.61,4,0
39,Female,32433.4,62,6,54.61,4,0
63,Female,63327.99,33,8,65.1,4,1
47,Male,56784.28,18,5,120.2,2,0
55,Female,43416.45,33,8,56.8,3,0
55,Female,34182.35,32,5,96.96,5,0
62,Male,65905.94,61,9,83.82,2,0
68,Male,75298.82,54,5,138.43,3,0
25,Male,58214.63,17,8,124.6,4,0
44,Female,29179.62,19,2,126.98,4,1
44,Male,35968.01,70,3,77.19,5,0
51,Female,47221.77,34,2,127.29,3,0
38,Female,83163.16,25,6,111.92,4,1
47,Male,50558.49,68,9,62.8,3,0
50,Female,46565.76,11,5,35.43,5,0
45,Male,24877.27,16,0,80.56,4,1
64,Female,43179.67,61,11,135.24,5,0
50,Female,32807.15,7,3,69.53,2,0
22,Male,36942.76,16,11,118.57,4,0
65,Male,57159.11,16,5,90.07,3,0
36,Male,47779.04,40,5,159.09,1,1
21,Male,85590.9,12,4,67.43,1,1
52,Male,74404.06,35,10,126.35,4,0
66,Male,44040.09,21,5,80.44,3,0
34,Unknown,38497.28,50,4,71.81,5,0
61,Male,79887.55,43,3,102.83,4,0
45,Male,84880.76,17,4,70.82,1,0
47,Female,15503.53,32,7,67.12,4,1
46,Male,56671.44,41,3,118.98,2,1
63,Unknown,50466.19,6,4,175.98,3,0
23,Female,66684.16,27,10,175.48,4,0
52,Female,89968.03,20,4,116.98,5,0
58,Male,46286.97,25,8,104.28,3,0
54,Male,17907.43,66,5,83.66,4,0
41,Male,65422.14,9,3,42.82,4,0
46,Female,80019.35,53,9,208.76,3,0
66,Male,49532.32,61,6,67.13,4,0
63,Male,42309.33,38,8,180.34,4,0
48,Unknown,47129.33,3,5,75.29,1,1
52,Male,70303.7,70,4,57.24,5,0
50,Male,46819.7,55,8,209.25,4,0
69,Male,60917.69,1,4,143.36,3,0
38,Unknown,55500.45,70,7,98.75,5,0
49,Male,53643.17,45,7,41.87,2,0
40,Female,67623.26,47,6,78.68,5,0
50,Female,46385.56,26,5,49.11,3,0
20,Male,47249.44,14,9,138.82,4,0
35,Female,69356.85,54,7,82.91,3,0
42,Male,37235.34,71,10,201.52,4,0
59,Male,39156.04,46,4,83.42,2,0
48,Female,32314.34,31,2,100.25,3,0
20,Female,70282.2,59,9,49.98,2,0
57,Female,53105.73,29,10,155.04,5,0
63,Female,31354.93,17,7,93.22,3,0
41,Male,70368.55,14,3,112.25,4,0
67,Male,45000.24,36,6,95.09,4,0
49,Male,39309.79,58,7,41.84,5,0
64,Male,51477.79,24,9,120.45,2,0
39,Male,81617.02,63,4,132.96,5,0
40,Male,47890.68,25,8,112.23,2,0
19,Male,65356.1,59,10,168.56,4,0
44,Male,68087.44,32,9,94.12,4,0
59,Female,62978.92,18,8,43.65,1,0
19,Female,77879.29,37,7,93.36,2,0
43,Male,42271.91,26,6,90.67,4,1
34,Female,36219.97,9,7,113.77,3,0
57,Female,35866.6,64,8,58.89,5,0
50,Male,52399.57,20,4,227.73,3,0
26,Female,37953.16,54,7,96.53,5,0
60,Female,57655.74,30,15,85.7,3,0
65,Female,56385.79,53,2,119.25,5,0
56,Male,73334.32,63,8,77.0,4,0
46,Female,60240.6,11,8,63.13,4,0
59,Male,47509.27,31,3,44.0,2,0
43,Female,62395.29,49,5,104.96,4,0
52,Female,36456.51,19,4,125.41,2,0
67,Female,54313.47,12,4,52.26,3,0
42,Female,60749.22,15,3,188.2,4,1
41,Female,57327.72,31,4,16.65,4,0
30,Male,62471.17,43,6,65.82,1,0
24,Male,43407.17,37,11,79.04,4,0
53,Female,75736.57,29,4,187.67,4,0
62,Male,87799.04,26,6,97.84,1,1
37,Male,26151.83,2,4,126.65,4,1
18,Male,33119.24,15,9,63.61,4,1
25,Male,55775.49,4,8,102.3,1,0
63,Female,50382.08,50,3,90.53,4,0
33,Female,89135.42,38,13,30.53,4,0
31,Female,58956.12,23,7,164.46,5,0
29,Female,80065.81,59,9,140.19,2,0
68,Male,18115.77,28,4,50.83,5,0
40,Male,69655.05,66,10,108.17,2,0
32,Female,42120.7,8,6,79.06,3,0
45,Male,41832.23,29,9,88.91,2,1
51,Female,50529.56,11,9,138.85,5,0
19,Female,29357.49,18,9,86.45,4,0
49,Male,62970.14,55,11,109.39,1,0
40,Female,58432.87,50,4,118.45,1,0
39,Female,59791.46,14,5,86.42,3,0
68,Female,70966.56,9,2,125.97,2,1
42,Male,82266.08,11,7,142.94,4,0
39,Male,48453.2,63,5,138.07,4,0
39,Female,63592.31,67,8,144.44,5,0
66,Male,60273.79,53,5,29.17,5,0
69,Male,61797.06,39,6,62.99,4,0
59,Female,62066.76,56,5,65.55,1,0
23,Male,83629.06,28,2,87.54,3,0
32,Female,46725.82,39,7,83.92,4,0
60,Female,27536.75,25,9,167.04,4,0
54,Female,42438.27,21,5,35.98,4,0
50,Male,68630.8,10,5,159.46,5,0
25,Female,55419.93,43,7,56.76,5,0
61,Male,46583.21,15,4,83.0,2,0
61,Male,35623.05,48,9,73.13,3,0
22,Female,58983.15,21,1,87.82,5,0
56,Male,66601.11,60,9,50.32,4,0
21,Male,60505.7,50,1,95.58,3,0
23,Female,50440.05,23,6,75.42,4,1
62,Male,57639.54,13,5,110.83,4,0
49,Male,57535.17,69,5,133.56,3,0
69,Female,58414.54,4,10,71.06,2,0
47,Female,33682.51,9,3,236.93,5,0
64,Female,58551.87,35,4,70.66,4,0
52,Male,47069.26,21,6,43.95,2,0
57,Male,73731.13,58,10,146.66,4,0
69,Male,57392.54,18,8,133.84,4,0
33,Male,70038.63,43,7,164.83,5,0
30,Female,49567.94,6,4,130.11,2,0
67,Male,50217.15,67,6,84.56,5,0
59,Male,81896.52,12,6,94.02,2,1
47,Female,62854.03,12,5,39.3,4,0
36,Female,42138.74,66,4,27.76,4,0
34,Female,71145.54,2,4,141.26,3,0
36,Male,45400.51,15,5,77.88,3,0
45,Male,59062.57,23,7,177.95,5,0
43,Male,88060.14,29,5,80.33,4,0
54,Male,29236.92,7,6,81.47,4,1
43,Female,51835.93,28,8,73.9,2,0
40,Female,62348.89,14,5,130.91,1,1
26,Female,68764.57,44,4,46.63,2,0
29,Female,32657.79,30,6,69.79,5,0
18,Male,27355.78,32,7,180.07,4,0
18,Female,74633.49,70,7,88.82,5,0
64,Male,42032.53,6,8,137.55,1,0
51,Female,41278.91,27,9,96.83,4,0
49,Female,82904.49,24,1,167.93,1,1
65,Male,56254.64,34,12,104.29,4,0
42,Male,56372.29,40,3,306.19,3,1
57,Unknown,51763.61,47,13,83.29,2,0
62,Male,32968.32,24,7,168.13,4,0
18,Male,67162.55,65,3,22.22,3,0
33,Male,62370.11,18,0,32.87,4,0
56,Female,58036.44,44,12,94.44,4,0
22,Female,52906.19,57,4,51.58,4,0
39,Female,49738.25,28,2,133.55,5,0
46,Male,71424.7,71,8,185.12,3,0
20,Female,52456.72,23,3,100.27,3,0
29,Male,53846.9,34,4,120.31,4,0
43,Female,64538.08,11,4,134.45,4,0
33,Female,58743.3,35,6,127.72,1,1
68,Male,84560.97,42,9,66.61,5,0
54,Male,23295.4,28,10,105.37,1,0
39,Male,60398.33,24,7,119.64,2,0
46,Male,42299.1,8,6,54.8,2,1
31,Male,38042.44,53,5,108.05,1,0
45,Female,46772.84,4,10,140.45,1,0
22,Female,55984.23,5,8,125.27,1,0
64,Male,56783.24,49,5,74.84,3,0
66,Male,27688.49,30,8,190.52,3,0
47,Male,45260.49,63,6,115.35,2,1
63,Female,60061.99,47,8,39.57,4,0
69,Male,39215.25,26,8,156.99,2,1
22,Female,34933.89,57,6,71.22,1,0
29,Female,14389.62,37,5,76.37,3,0
33,Female,43062.52,7,10,73.32,3,0
43,Female,34306.67,40,4,57.85,3,0
43,Male,37289.21,39,6,177.99,3,0
65,Female,50107.23,62,10,105.81,4,0
38,Male,44203.08,53,6,85.76,4,0
56,Male,34007.72,4,5,55.15,5,1
53,Female,16914.85,25,11,148.32,4,0
50,Female,60441.6,7,6,139.28,3,0
47,Female,68550.89,28,7,148.61,2,0
54,Male,47858.59,69,4,140.37,4,0
40,Male,50216.04,67,6,100.26,2,0
27,Female,55050.59,20,8,118.31,4,0
22,Male,83418.1,11,2,162.89,3,1
53,Female,26781.26,67,5,141.78,4,0
51,Female,47539.18,7,2,128.75,5,1
69,Female,24004.49,23,4,144.18,5,0
48,Male,61521.73,61,8,63.08,2,0
27,Male,52408.75,71,6,61.31,3,0
36,Male,58653.86,34,3,106.53,4,0
49,Female,57756.21,19,6,72.36,4,0
18,Male,72832.75,58,5,150.16,3,0
22,Female,64686.39,9,8,86.69,4,0
62,Male,69949.14,48,4,65.46,4,0
21,Unknown,35820.38,41,11,187.55,5,0
33,Male,76477.08,48,9,62.03,4,0
41,Male,41997.47,45,7,88.55,3,1
33,Male,43032.35,25,4,126.0,4,1
19,Female,59875.17,25,8,54.5,4,0
66,Female,60434.53,19,8,51.32,4,0
45,Female,35706.58,39,3,217.8,4,0
49,Male,51880.97,27,9,91.22,5,0
44,Male,81788.24,63,4,100.42,4,0
37,Female,28569.94,68,11,121.51,3,0
41,Male,81733.95,19,7,81.32,4,0
29,Male,50649.43,28,3,103.5,4,0
67,Unknown,12920.41,33,7,37.9,1,0
52,Unknown,30398.83,10,4,128.3,3,0
50,Female,37657.4,30,4,109.58,4,0
50,Female,43769.27,22,7,141.22,4,0
68,Male,53115.16,3,7,79.1,4,1
60,Male,6337.36,48,9,147.27,3,0
54,Female,58362.48,2,10,47.25,5,0
29,Female,36008.37,54,4,57.32,3,0
20,Male,80029.41,6,8,81.86,2,1
18,Male,50136.82,40,4,87.55,3,0
50,Male,71971.23,2,7,97.46,4,0
57,Female,74986.28,2,10,115.87,3,0
27,Female,74498.92,55,12,50.93,3,0
60,Female,44804.68,60,7,115.33,4,0
61,Male,44574.4,6,5,179.3,3,0
46,Unknown,50950.48,19,7,127.08,4,0
30,Female,66452.27,27,6,141.04,4,0
29,Male,45807.49,1,9,55.81,4,0
48,Male,52853.28,33,9,67.92,3,0
63,Male,59924.69,40,4,131.25,4,0
19,Male,38711.95,32,4,85.1,3,0
68,Female,37574.05,69,4,100.79,5,0
67,Male,52151.25,17,2,80.86,5,0
52,Female,54535.22,8,10,63.13,3,0
40,Male,62809.94,57,8,111.36,2,0
34,Male,67093.96,42,2,119.67,2,0
43,Male,35216.87,9,4,70.29,3,1
25,Male,40382.47,35,14,61.41,4,0
46,Female,37526.46,71,2,81.74,4,1
43,Female,80424.05,53,3,71.22,3,0
27,Female,52835.13,54,5,34.5,4,0
43,Female,55290.33,25,6,103.63,5,0
51,Male,56039.94,67,10,132.29,4,0
68,Male,42117.94,62,3,66.39,2,0
58,Male,83156.85,55,7,160.72,4,0
24,Female,62398.48,46,4,134.29,4,0
21,Male,55712.63,24,6,71.19,5,0
67,Male,35105.38,46,5,47.75,3,0
62,Female,34085.22,22,8,77.59,3,0
28,Male,49439.66,11,6,73.33,4,0
46,Male,42400.15,48,1,65.04,4,0
53,Male,35786.0,8,5,86.79,4,0
42,Female,48322.76,39,9,61.58,1,0
38,Female,51104.3,35,4,100.05,4,0
53,Female,57552.14,49,1,124.13,2,1
27,Male,45929.45,46,4,58.33,3,0
54,Unknown,36863.19,38,8,83.15,4,0
26,Female,37487.42,8,6,30.48,2,0
41,Male,76833.51,54,6,98.01,3,0
52,Female,32468.36,37,6,101.68,4,0
66,Male,61537.28,40,2,62.63,4,0
52,Female,64351.83,34,5,112.83,2,0
65,Female,52817.04,17,10,44.12,4,0
53,Male,86820.92,33,3,108.81,2,0
35,Unknown,64030.94,47,8,31.19,3,0
66,Female,88172.25,52,1,120.25,3,1
56,Female,43280.85,9,9,99.95,2,0
49,Male,43588.98,33,10,52.03,5,0
41,Male,64495.67,60,5,112.58,2,0
40,Male,50293.62,21,12,60.9,4,0
49,Female,85341.98,58,2,93.19,4,0
54,Male,61150.61,69,5,180.54,5,0
29,Female,36197.66,10,3,170.97,3,0
66,Female,23737.3,6,5,117.46,5,0
30,Male,53591.71,13,8,154.08,5,0
40,Female,53395.78,65,3,33.3,2,0
42,Male,60647.79,20,11,153.63,3,0
52,Unknown,76792.43,57,2,80.68,1,0
58,Female,74424.04,46,5,92.13,4,0
47,Male,44579.78,8,4,77.91,4,0
34,Male,31711.25,10,3,90.51,2,1
66,Male,32785.82,67,9,74.65,4,1
37,Female,41737.57,11,12,208.97,1,0
65,Female,48398.83,12,4,74.43,4,0
42,Female,60491.12,10,7,79.91,1,0
39,Male,40582.58,25,2,53.79,4,0
30,Male,60047.06,49,5,125.66,1,0
36,Male,61516.72,49,5,137.21,3,0
66,Female,57580.19,11,3,113.92,4,0
53,Female,34684.79,62,6,79.19,3,0
29,Male,63420.88,36,11,96.37,4,0
58,Male,92462.85,39,4,62.87,5,0
36,Female,59426.14,53,7,157.63,1,0
29,Female,1844.65,56,9,124.81,4,0
26,Female,77335.83,1,6,66.18,1,0
24,Female,42350.54,56,8,82.65,2,0
45,Male,95782.83,4,10,70.32,2,0
31,Male,57094.54,30,9,77.31,5,0
48,Female,24675.39,12,5,47.29,2,1
69,Female,17835.45,35,4,102.46,5,0
36,Male,82715.33,52,6,81.94,5,0
64,Female,74906.29,31,6,114.6,3,0
33,Female,95068.34,68,8,44.05,4,0
22,Female,55196.64,52,9,110.9,4,0
52,Female,53982.46,7,10,163.4,3,1
29,Male,48111.06,22,3,117.15,2,1
42,Female,43150.78,56,8,190.09,3,0
69,Female,47936.27,58,2,69.48,4,0
38,Female,58914.34,64,4,28.54,4,1
53,Female,39809.79,12,3,82.81,3,1
40,Female,24952.79,7,3,144.06,2,1
33,Male,57877.78,55,8,69.13,5,0
56,Female,39408.48,62,6,100.83,1,0
62,Female,-3309.88,55,6,121.67,4,0
59,Female,64946.21,36,7,161.19,1,0
56,Female,35054.94,24,7,121.86,5,0
31,Female,66912.21,44,4,120.8,5,0
48,Male,66481.27,17,3,116.11,3,1
22,Female,60104.62,2,9,147.83,1,0
52,Male,99942.72,13,2,60.27,4,0
40,Male,52515.07,31,5,51.45,3,0
46,Female,49858.49,28,5,81.34,3,0
60,Female,67306.1,60,7,146.35,4,0
28,Male,54001.95,27,4,109.53,2,1
35,Male,75888.88,15,8,186.33,3,0
64,Female,32161.49,33,7,80.94,4,0
29,Male,32460.86,20,5,72.39,4,0
26,Male,68784.57,42,8,45.05,3,0
27,Male,34033.4,12,8,127.97,4,0
61,Male,65963.77,23,1,173.0,4,1
34,Male,61660.05,14,8,129.32,4,1
55,Male,42499.21,25,9,91.65,3,0
24,Male,61609.06,31,7,60.37,1,0
63,Female,32777.34,54,1,128.35,4,0
30,Female,37001.8,5,8,60.94,4,0
57,Female,50730.62,13,8,113.35,4,0
59,Male,56420.7,28,7,93.19,1,0
26,Male,49534.51,43,4,30.51,4,0
67,Female,62796.09,47,8,85.41,4,0
44,Male,61992.4,71,5,93.12,3,0
19,Female,82528.6,38,5,66.52,2,0
22,Female,53284.86,67,5,82.16,4,0
46,Female,76502.14,62,8,88.7,4,0
54,Male,71573.06,39,11,127.12,1,0
55,Male,96291.59,37,7,100.42,4,0
36,Female,52709.36,8,6,64.25,4,0
25,Male,47433.54,52,3,154.36,4,0
65,Female,77638.5,33,9,73.14,4,0
62,Female,61937.79,42,6,73.11,4,0
18,Unknown,78069.87,27,5,186.52,2,0
39,Male,67902.38,8,5,98.46,3,0
69,Female,17078.28,23,6,19.73,4,0
34,Female,61773.79,64,5,137.62,1,0
24,Male,60601.89,20,6,91.75,4,0
42,Male,57395.92,16,6,63.8,4,1
62,Female,52619.63,17,5,89.11,3,0
21,Male,26341.42,19,4,89.21,4,1
53,Male,70735.18,8,4,56.76,4,0
23,Male,61727.83,38,5,80.34,3,0
48,Female,74835.22,38,7,74.69,3,0
36,Female,27302.4,53,9,94.73,5,0
61,Female,64128.42,31,7,148.23,3,0
56,Male,50776.13,44,4,78.41,4,0
44,Male,57588.18,60,1,106.7,1,0
27,Female,50983.13,17,4,119.69,1,0
43,Female,64784.94,39,6,174.56,2,0
36,Male,52068.28,42,4,101.57,4,0
56,Female,36065.53,48,6,90.48,3,0
20,Unknown,56555.66,12,10,56.49,2,0
62,Female,51144.86,18,6,102.87,4,1
30,Female,53498.91,6,5,146.99,2,0
67,Female,-2380.61,43,3,83.45,3,0
45,Male,67287.45,35,11,227.61,3,0
37,Female,49336.05,54,3,83.84,3,0
45,Unknown,30733.24,62,7,73.79,4,0
25,Male,71606.14,69,7,82.32,3,0
58,Female,66454.58,16,5,95.12,3,0
56,Female,49108.24,8,7,98.35,5,0
18,Female,34260.95,31,5,89.79,5,0
20,Female,58204.55,10,6,50.41,4,0
30,Female,57215.91,56,8,71.94,5,0
45,Female,71638.02,70,6,106.53,4,0
66,Male,47012.76,20,2,102.58,4,0
42,Female,76508.6,5,10,115.9,4,0
50,Male,45275.45,23,2,135.85,4,0
55,Male,30775.03,9,4,42.87,4,1
23,Male,34618.91,58,9,64.1,2,0
61,Female,53876.59,59,9,111.24,4,0
62,Male,53820.74,54,7,154.75,4,0
49,Female,60901.5,46,6,171.31,4,0
62,Female,53373.27,22,4,149.22,2,0
64,Female,72591.73,64,4,136.18,3,0
38,Male,50300.31,8,11,88.95,3,0
33,Female,19067.03,20,8,118.49,4,0
38,Female,52820.26,51,5,66.89,2,0
28,Female,18877.98,39,2,94.11,3,0
54,Male,59885.04,37,4,125.54,2,0
53,Male,74029.47,50,5,124.78,3,0
52,Male,37247.96,34,9,64.61,4,0
36,Male,80534.02,33,9,53.9,5,0
37,Male,70170.96,31,5,33.26,1,0
35,Female,76716.64,54,8,199.07,4,0
64,Male,58412.15,44,5,41.99,1,1
58,Male,37130.23,34,8,110.95,2,0
66,Male,69054.68,71,1,82.51,4,0
31,Male,43757.18,62,5,96.0,4,0
32,Male,57121.92,23,6,63.29,4,0
48,Male,51915.68,46,4,115.69,3,0
18,Male,75244.53,56,6,114.75,5,0
20,Female,68145.89,7,8,171.13,2,1
33,Unknown,53549.82,61,6,132.66,3,0
40,Male,19871.07,3,8,97.27,2,0
28,Male,43565.91,38,8,92.99,4,0
29,Female,67676.0,34,10,107.54,2,0
27,Male,60041.98,44,6,138.05,2,0
49,Male,27942.01,30,7,58.42,4,0
33,Female,22481.42,17,6,67.22,1,1
25,Male,58519.16,59,11,41.3,1,0
55,Female,35972.97,10,8,85.84,2,0
29,Female,37705.66,18,9,49.12,1,0
41,Male,67106.94,45,4,96.49,4,0
45,Male,76640.3,59,6,163.55,4,0
25,Female,41487.36,62,10,68.84,2,0
45,Male,54194.31,59,3,145.25,3,0
53,Male,53663.56,49,8,125.63,4,0
43,Female,52044.33,63,3,82.52,4,0
25,Female,55730.77,32,4,131.47,4,0
67,Male,68616.98,10,4,114.07,3,1
45,Female,42869.36,11,4,30.4,3,1
45,Male,27545.0,70,6,172.7,5,0
54,Female,85420.18,62,4,121.7,4,0
58,Female,74609.59,47,8,120.26,2,0
53,Female,35134.52,34,11,57.18,3,0
44,Female,57441.38,17,2,96.28,3,1
34,Unknown,73192.64,54,4,182.55,2,0
26,Male,68482.79,40,6,92.47,5,0
50,Female,63316.24,19,12,62.04,5,0
37,Male,51935.92,67,3,111.32,2,0
30,Male,86091.47,53,7,102.16,3,0
45,Male,58975.46,64,11,96.11,4,0
65,Female,45730.73,47,7,99.29,2,0
46,Unknown,70679.36,6,6,99.12,4,0
30,Male,56729.06,16,4,157.16,4,0
63,Male,61296.36,18,4,78.54,4,1
52,Female,58656.69,52,8,156.31,4,0
23,Male,63941.96,48,5,54.81,4,0
35,Male,37387.79,43,4,125.69,5,0
68,Female,28880.09,39,2,121.81,3,0
22,Female,80814.39,49,5,70.08,5,0
64,Unknown,59492.52,12,5,70.33,1,0
42,Male,68875.25,10,5,137.21,3,1
19,Male,23324.33,71,7,81.86,1,0
27,Female,74200.3,55,0,136.49,4,1
47,Female,45613.26,1,3,107.97,2,0
67,Female,40488.07,49,6,77.05,5,0
62,Female,53859.28,36,3,131.03,4,0
22,Male,37396.36,21,9,189.74,1,0
50,Female,54968.83,37,3,179.06,4,1
18,Male,52545.91,24,4,74.87,5,0
35,Male,74087.13,55,11,37.31,4,0
49,Female,82240.2,25,1,159.88,1,0
64,Male,81667.28,7,10,126.81,5,0
66,Male,14238.73,71,4,106.3,4,0
28,Female,38167.0,71,10,91.58,3,0
38,Male,14052.04,24,2,163.67,3,0
43,Female,33516.24,11,5,99.66,3,1
42,Male,43308.67,12,5,99.63,5,0
39,Female,62390.11,35,8,105.21,3,0
44,Male,45641.2,63,4,120.5,2,0
66,Male,46142.74,68,2,195.47,5,0
30,Unknown,58271.76,57,6,92.5,1,1
50,Female,24232.43,13,7,24.78,5,0
51,Female,39905.32,23,6,260.01,3,0
58,Male,45935.98,39,7,104.95,4,0
52,Female,51356.76,12,3,90.65,2,0
18,Female,56385.17,34,5,139.9,5,0
38,Female,82011.7,71,10,249.75,4,0
65,Female,71350.05,31,5,66.78,5,0
23,Male,41152.42,62,8,63.82,4,0
45,Male,50296.08,13,6,64.13,2,0
34,Female,49070.1,31,8,138.29,3,0
22,Male,45745.25,2,6,108.94,4,1
48,Male,59905.28,15,5,201.34,4,0
22,Female,21523.97,57,5,154.02,5,0
55,Female,70852.86,34,5,86.17,3,0
20,Female,85483.91,68,5,75.11,4,0
40,Female,50142.87,29,8,72.55,5,0
54,Female,49791.44,66,7,73.06,2,0
54,Male,57826.8,16,4,44.8,5,1
27,Male,73348.95,39,3,79.78,3,0
27,Male,49162.71,37,3,145.98,4,0
36,Male,71811.01,21,7,100.87,3,0
34,Female,63792.9,44,2,96.0,3,0
38,Male,97509.01,19,9,55.21,1,0
31,Male,49084.08,71,6,59.32,5,0
26,Male,19431.99,8,9,127.5,4,0
63,Male,29207.1,66,10,90.09,2,0
18,Male,55214.71,41,4,187.49,5,0
68,Male,73501.88,70,5,51.58,4,0
62,Male,43254.84,61,7,211.56,5,0
30,Male,50843.22,26,4,54.27,1,1
21,Male,67327.17,71,5,111.62,3,0
18,Female,37625.81,70,7,29.54,4,0
66,Male,43997.15,29,7,93.74,2,0
57,Male,33980.92,66,5,64.69,4,0
49,Female,76208.11,19,10,91.37,3,0
51,Male,82750.11,68,6,90.63,2,0
45,Female,26570.53,58,7,55.33,3,0
48,Female,52440.66,70,6,57.86,5,0
25,Male,80330.66,57,7,123.25,3,0
56,Female,62176.51,37,8,93.06,2,0
43,Male,46193.69,61,5,79.17,4,0
51,Female,27169.08,30,5,91.21,4,0
20,Male,75753.0,71,5,89.26,4,0
67,Female,61489.27,25,9,56.92,4,0
29,Male,28486.25,65,3,28.81,1,0
18,Female,76418.04,6,2,28.81,3,1
61,Female,26192.74,18,7,67.09,4,0
22,Male,51031.25,10,3,161.61,5,1
47,Male,50236.94,11,3,153.63,4,1
47,Female,84130.86,65,5,145.78,1,0
34,Female,50301.17,65,5,124.0,3,0
65,Male,50236.43,52,2,222.39,1,0
64,Female,30464.59,67,7,123.05,4,0
40,Unknown,43472.84,31,5,96.05,1,1
32,Female,40288.68,17,12,40.08,2,0
54,Male,41226.0,55,5,105.09,3,1
38,Female,55113.12,36,6,77.17,3,0
31,Male,11184.83,26,10,91.65,3,0
19,Unknown,27815.86,53,1,152.65,3,0
28,Female,53001.66,17,11,129.96,4,0
68,Male,57182.58,25,6,120.73,3,0
56,Female,50798.21,2,5,80.38,4,1
55,Male,54265.7,5,7,112.37,3,0
51,Unknown,47635.9,4,7,256.2,3,0
55,Unknown,54666.92,36,5,158.17,4,0
67,Female,62814.56,6,8,72.51,4,0
51,Male,62688.41,21,6,96.8,4,0
35,Female,42598.75,26,5,107.44,4,0
47,Male,71471.71,55,7,89.18,4,0
32,Male,57827.96,39,3,222.05,3,0
44,Female,77179.85,33,6,93.62,4,0
68,Male,80791.7,14,5,107.42,4,1
51,Male,29030.92,56,14,148.06,2,0
69,Unknown,39537.5,21,5,90.47,3,0
55,Male,69643.86,46,13,52.68,4,0
50,Male,25031.94,16,6,66.78,1,1
41,Female,80563.19,16,2,66.5,3,0
32,Male,48810.12,29,4,91.66,4,0
47,Female,65350.59,8,4,102.62,5,0
59,Unknown,52904.97,3,5,45.09,5,0
68,Female,29936.99,19,3,176.68,3,0
34,Female,73999.8,66,10,91.37,4,0
22,Male,104513.01,22,5,112.55,1,1
46,Male,45729.85,46,4,79.26,3,0
21,Female,49197.55,13,6,109.87,4,0
27,Female,7316.21,33,8,85.54,2,1
34,Female,79327.05,5,6,81.35,3,0
27,Male,71411.78,27,7,43.34,5,0
34,Male,23799.09,24,3,198.17,4,0
37,Male,17832.06,67,10,115.61,4,0
41,Female,19913.84,63,7,65.39,5,0
22,Male,66613.04,48,10,56.0,4,0
51,Female,68409.85,63,3,70.86,2,0
23,Female,38379.99,12,3,64.6,4,1
19,Male,63986.68,28,5,31.06,3,0
30,Female,57859.79,44,8,161.19,3,0
60,Male,48389.15,43,4,137.18,5,0
60,Female,72463.54,17,11,84.7,3,0
65,Female,33311.16,40,4,126.72,1,0
28,Female,75655.71,49,11,130.16,3,0
68,Female,41886.61,57,2,76.6,2,0
64,Male,87067.66,64,4,162.85,5,0
40,Male,36904.49,57,3,57.78,4,0
33,Female,48671.7,70,2,54.02,4,0
48,Male,56054.57,43,8,152.42,4,0
28,Male,55941.73,23,3,106.59,4,0
33,Male,63834.91,27,11,64.22,4,0
25,Female,31857.72,58,4,93.82,4,1
21,Male,54328.38,37,6,89.93,5,0
57,Female,57486.37,6,3,85.33,5,0
21,Unknown,45500.71,65,7,64.01,5,0
42,Male,62273.06,6,3,63.65,4,1
20,Male,30765.34,50,3,140.33,5,0
49,Male,49123.83,22,5,81.6,3,1
20,Female,41442.69,25,13,145.13,5,0
44,Male,49178.24,51,6,39.86,5,0
46,Male,81046.64,48,5,131.23,5,0
49,Male,81396.2,70,7,55.82,5,0
67,Female,77867.5,65,13,198.52,3,0
68,Male,46679.37,60,6,120.44,2,1
36,Female,71337.13,46,6,58.62,3,0
38,Female,57022.52,36,2,131.06,4,0
22,Male,55820.61,58,7,50.41,3,0
35,Female,53607.5,38,3,86.3,3,0
45,Male,86651.52,11,5,32.59,4,0
59,Female,79585.09,12,9,42.87,4,0
39,Female,68408.14,42,5,72.21,5,0
38,Female,51934.58,39,6,142.61,4,0
23,Male,55712.09,71,3,42.92,4,0
18,Male,64550.2,11,6,141.58,4,0
22,Male,45611.04,36,7,37.44,5,0
58,Male,71889.68,52,5,141.44,3,0
29,Male,38417.59,31,5,75.54,2,0
43,Male,62053.19,33,4,62.07,5,0
63,Male,13785.12,13,12,169.66,4,0
51,Male,45088.87,18,5,328.43,4,0
66,Female,92398.19,41,3,86.78,3,0
31,Male,73651.45,58,7,113.75,3,0
43,Male,82638.43,56,0,74.15,4,0
62,Male,42988.46,24,3,155.56,2,0
44,Male,56867.91,31,12,117.13,3,0
26,Unknown,78075.86,55,4,122.14,3,0
43,Male,66395.71,10,8,91.16,4,0
64,Female,64154.19,60,7,109.43,4,0
39,Unknown,84350.48,2,6,91.12,5,1
64,Female,36271.81,15,8,88.5,4,0
47,Female,51683.72,3,7,140.37,5,0
60,Female,23426.46,43,5,118.86,4,0
65,Unknown,35288.09,31,5,72.84,4,0
34,Female,74335.34,70,4,140.63,1,0
43,Female,38487.71,67,7,114.06,2,0
53,Female,68239.44,56,3,112.72,4,0
18,Female,84852.73,63,6,89.17,3,1
25,Female,51797.11,15,3,52.52,4,0
66,Male,64357.54,10,6,135.38,4,0
52,Male,68379.62,38,6,163.63,5,0
69,Male,33013.09,47,4,64.58,5,1
32,Male,43903.86,57,4,76.65,2,0
64,Male,36934.1,50,13,64.51,3,0
39,Male,45338.98,71,9,45.46,4,0
31,Female,67889.99,15,9,187.69,3,0
43,Male,44286.46,18,2,75.84,3,0
45,Female,54367.24,2,6,139.43,4,0
40,Male,36235.69,43,2,151.88,5,0
31,Male,77075.6,26,3,57.17,4,1
41,Female,45188.02,71,10,177.47,4,0
19,Female,82413.65,38,7,79.87,3,0
62,Male,56096.72,42,3,132.25,4,0
43,Female,29674.01,5,7,152.98,3,1
31,Female,51921.52,11,6,74.98,4,0
68,Male,35870.02,65,9,56.31,2,0
24,Male,65608.29,34,7,67.52,5,0
20,Unknown,50295.47,1,5,138.6,4,1
64,Female,57937.78,2,9,196.99,4,0
40,Female,48351.64,20,3,86.2,5,1
63,Female,45003.84,61,3,77.36,3,1
60,Male,37474.8,21,6,260.88,2,0
64,Male,70052.01,68,8,125.37,4,0
62,Male,51883.24,12,5,49.91,5,1
35,Female,49335.56,22,6,62.62,4,0
55,Female,51432.15,20,9,42.26,1,0
52,Female,42780.49,1,6,106.61,4,1
68,Male,49395.67,30,6,90.78,1,1
32,Male,58701.34,24,5,81.97,4,1
42,Female,36385.53,14,8,48.88,3,0
54,Female,38991.66,36,5,63.61,5,0
45,Female,79809.11,69,4,91.0,3,0
27,Male,48470.38,24,10,92.26,5,0
56,Female,45071.91,60,4,125.59,3,0
34,Male,30810.31,55,7,36.01,3,0
56,Female,70312.2,24,11,135.84,5,0
39,Male,35993.34,24,8,67.9,2,0
43,Female,54724.73,54,10,107.67,4,0
61,Male,24252.67,26,7,178.56,3,1
42,Female,69727.11,66,7,87.96,4,0
34,Male,76183.41,38,12,172.57,2,0
30,Male,63721.37,65,11,244.93,3,0
37,Male,27379.36,51,5,95.34,4,0
42,Male,70097.72,35,6,224.08,3,0
21,Male,40107.72,43,5,63.08,1,0
27,Female,33922.51,29,7,109.99,4,0
20,Male,48097.7,37,6,81.69,4,0
58,Female,47739.38,58,4,97.49,1,1
62,Female,45909.12,54,7,83.04,4,0
35,Female,77926.14,39,4,34.7,5,0
64,Male,91212.87,42,6,106.47,2,0
53,Male,30355.54,28,9,71.33,4,1
64,Female,42601.02,29,3,139.42,4,1
39,Unknown,57569.47,43,8,160.05,1,0
51,Male,48003.1,3,6,62.36,1,0
64,Male,62189.18,10,7,47.29,3,0
25,Male,71487.74,59,5,62.9,4,0
57,Unknown,68488.59,14,6,56.37,2,0
66,Male,65975.2,47,4,67.82,5,1
61,Male,84863.72,42,10,87.29,4,0
36,Female,26398.95,32,8,133.76,3,0
59,Male,81641.96,32,6,169.28,4,0
58,Male,47566.15,42,8,145.92,5,0
54,Female,69132.25,32,4,206.8,2,1
23,Female,36466.01,26,2,50.67,4,0
69,Male,38647.06,1,4,89.78,4,1
43,Male,66918.11,56,11,62.79,2,0
51,Male,20282.86,2,6,142.22,1,1
62,Male,72809.96,30,10,102.73,1,0
23,Female,77679.34,71,8,64.66,3,0
54,Male,58200.13,52,5,133.97,1,0
50,Male,57551.7,9,6,141.37,4,1
39,Male,39994.55,22,4,81.89,5,0
38,Female,67140.09,34,8,122.28,1,1
23,Female,61257.97,49,3,95.35,3,0
23,Female,38412.9,1,1,80.93,1,1
65,Male,47953.36,53,3,82.01,2,0
21,Female,52131.96,40,5,69.4,3,0
47,Female,47929.56,45,5,103.32,3,0
28,Male,30467.59,68,9,89.63,5,0
47,Male,67582.37,9,5,118.81,3,0
48,Male,50616.81,22,7,25.85,4,0
41,Male,55276.57,18,5,120.61,3,1
26,Male,44591.2,43,5,16.69,1,0
20,Male,63554.89,39,9,119.97,5,0
68,Male,58576.53,6,7,97.31,2,0
48,Female,76830.12,48,5,31.45,5,0
57,Male,63650.78,7,8,96.04,2,1
54,Female,51351.68,69,12,124.24,4,0
53,Female,41685.1,16,5,95.12,5,0
41,Female,70587.15,1,3,90.11,2,1
48,Female,49913.63,37,4,76.68,3,1
23,Male,51909.08,37,10,103.7,4,0
19,Female,51904.51,64,6,114.66,1,0
37,Male,47771.06,62,7,86.31,4,0
45,Male,52218.3,61,4,91.27,2,1
28,Female,89671.74,33,8,60.23,3,1
21,Male,36139.2,66,5,136.18,2,0
32,Male,40338.92,30,2,61.44,5,0
23,Female,79917.84,20,3,105.32,2,1
66,Female,48253.52,60,3,90.84,1,0
47,Female,46888.82,24,6,62.26,4,0
55,Male,73627.55,4,2,149.01,3,0
68,Female,29436.48,37,5,37.51,3,0
19,Male,69786.18,4,4,81.4,2,1
32,Female,55821.1,18,6,97.56,4,0
28,Female,63366.44,66,4,181.11,4,1
25,Female,63028.56,48,5,121.97,3,1
43,Female,43696.31,33,5,45.51,2,1
68,Male,73921.31,58,6,39.97,4,0
62,Female,45097.52,28,3,165.91,4,0
61,Female,62359.28,35,8,162.77,3,0
22,Male,77279.04,10,2,128.2,1,0
23,Female,79820.23,65,12,66.89,2,0
43,Male,50191.73,42,8,67.89,4,0
21,Female,63336.43,9,6,40.72,5,1
36,Female,48529.2,60,4,135.92,1,0
37,Female,100068.33,15,6,52.53,3,1
50,Male,69042.27,57,3,107.93,1,0
37,Female,56513.05,69,4,94.66,3,0
66,Female,60626.12,22,5,78.24,3,0
29,Female,62327.9,64,6,71.38,5,0
64,Male,62861.38,41,8,108.52,2,0
18,Male,50680.03,71,4,167.63,4,0
43,Female,47902.11,56,5,115.19,3,0
31,Male,52266.64,23,5,89.1,4,0
55,Female,34485.55,25,7,135.47,4,1
54,Female,67928.94,6,5,179.08,1,1
28,Female,40569.31,34,7,64.9,5,0
53,Female,35920.9,63,4,102.08,2,0
30,Female,54741.62,9,12,59.35,4,0
60,Male,52657.79,60,3,170.86,5,0
20,Male,59493.42,49,0,117.34,1,0
50,Male,44772.3,51,10,94.84,4,0
23,Male,47934.23,60,14,77.76,4,0
67,Female,67458.15,70,6,116.26,5,0
27,Female,66361.91,37,5,240.7,4,0
22,Female,65611.45,31,3,224.67,3,1
40,Female,55611.42,41,3,73.0,4,0
27,Unknown,58040.61,62,7,27.74,4,0
61,Female,59147.9,58,6,105.31,4,1
19,Female,43191.25,14,5,84.66,5,0
30,Female,81532.84,36,4,65.88,2,1
57,Male,78968.58,36,6,134.9,2,0
19,Male,69296.42,8,10,116.05,4,0
37,Male,47334.49,26,3,70.26,5,0
18,Female,64704.59,36,2,189.05,3,0
54,Female,72610.66,48,5,200.22,5,0
26,Male,32982.46,28,7,63.91,5,0
34,Male,85501.21,68,7,84.97,5,0
26,Female,23691.02,62,10,188.36,5,0
28,Male,67682.9,51,7,64.01,5,0
32,Male,81159.08,42,8,98.1,4,0
41,Female,52964.86,29,8,110.66,4,0
55,Male,52291.64,10,7,123.27,1,0
52,Male,67017.89,39,3,203.04,2,0
47,Female,88333.87,1,7,162.74,2,1
48,Female,49940.78,39,6,86.92,1,0
66,Female,40942.81,21,5,108.75,2,1
22,Male,47372.04,65,9,115.6,5,0
61,Male,27054.75,15,4,57.89,4,0
67,Male,71159.64,4,9,51.76,3,1
31,Female,45746.51,60,5,79.07,4,0
28,Female,51249.9,61,5,107.39,4,0
26,Male,71373.18,20,9,88.09,2,0
51,Female,48215.61,10,7,22.78,5,1
29,Male,68663.63,34,4,60.78,3,0
52,Male,36314.41,48,9,228.82,4,0
52,Male,72256.95,33,6,227.99,3,0
18,Male,61154.29,61,4,121.55,4,0
57,Female,53405.58,10,5,184.73,4,0
39,Female,57356.08,54,4,167.99,2,0
46,Male,31838.3,65,10,158.4,5,0
25,Female,56944.01,1,5,100.04,1,0
28,Male,52449.94,5,7,58.25,4,0
58,Female,32330.21,15,6,131.65,5,0
54,Female,42920.64,28,3,102.8,5,0
31,Male,52673.59,23,6,52.14,3,0
47,Female,44068.74,17,8,107.5,2,0
52,Male,11581.95,13,9,92.11,4,0
38,Male,74374.98,14,13,68.03,1,0
54,Male,52442.38,11,5,82.22,4,0
22,Female,14068.9,28,7,182.78,4,0
36,Female,93429.33,42,6,69.09,4,0
31,Male,77345.06,61,7,85.35,2,0
43,Female,48718.32,64,4,87.27,4,0
21,Female,39835.05,31,5,68.22,5,1
42,Female,62257.44,10,10,31.38,4,0
62,Female,58641.88,8,1,129.1,4,1
59,Female,64757.62,21,7,110.92,3,1
42,Male,39886.84,59,7,53.75,2,0
35,Male,74759.9,50,4,110.89,3,0
57,Unknown,46477.68,69,3,188.01,4,0
25,Male,67253.78,70,4,138.55,3,0
56,Unknown,40655.09,30,1,107.62,4,0
57,Female,102666.59,17,5,87.21,4,0
31,Male,67519.42,20,4,89.0,4,0
49,Male,106916.18,48,9,190.63,2,0
68,Male,69896.84,2,8,59.65,4,0
55,Female,44893.64,37,4,61.67,4,0
50,Male,69928.85,1,8,42.53,1,1
40,Male,71210.4,4,1,120.84,1,1
32,Male,61719.83,54,3,210.2,4,0
50,Male,66347.06,25,6,164.82,3,0
42,Female,68711.09,3,8,76.51,2,0
34,Male,37113.74,9,6,101.04,1,1
50,Female,35832.55,34,7,75.27,2,0
64,Male,40704.09,43,5,121.55,5,0
19,Male,57295.76,22,4,67.7,4,1
31,Male,50982.92,70,4,51.74,4,0
57,Male,37439.73,2,7,129.0,5,0
57,Unknown,68955.66,66,4,155.41,4,0
68,Female,60094.81,32,4,119.78,4,0
56,Male,58040.72,16,8,202.22,3,0
68,Female,50356.19,1,6,67.29,4,1
23,Male,48191.89,48,6,118.49,2,0
23,Male,39856.04,50,5,56.97,3,1
20,Unknown,71807.33,13,6,78.35,1,1
24,Female,42337.13,15,6,77.05,2,1
68,Unknown,58769.03,53,4,118.91,1,0
25,Male,84916.19,44,2,42.5,3,0
59,Female,49019.36,8,6,130.32,5,1
69,Male,72292.64,46,6,118.02,3,0
32,Male,65236.76,69,4,153.24,5,0
64,Female,60606.42,19,4,105.63,4,0
46,Male,62746.27,38,4,109.87,4,0
50,Female,53291.68,11,8,101.34,3,0
69,Female,55625.97,43,5,55.33,5,0
47,Male,45133.95,20,5,129.65,1,0
56,Female,55746.23,20,4,182.66,4,0
44,Female,44465.93,21,5,102.07,4,0
53,Male,73101.79,57,5,143.45,3,0
46,Female,24409.05,50,6,158.84,3,0
55,Female,63658.96,26,7,52.35,3,0
50,Male,61058.56,30,8,85.15,5,0
54,Female,59428.29,31,8,89.74,5,0
44,Unknown,73440.98,42,12,87.27,5,0
50,Male,49849.78,68,4,90.53,3,0
21,Female,59597.81,61,2,109.13,3,0
39,Male,24102.25,61,4,139.74,1,0
19,Female,47524.3,70,3,69.33,5,0
27,Female,70403.26,68,11,96.13,3,0
22,Male,30895.09,17,8,35.4,3,0
27,Male,57875.38,19,8,101.06,5,1
50,Female,42804.69,51,6,89.37,4,0
55,Male,53002.23,70,11,115.85,4,0
30,Female,43881.81,63,3,162.59,2,0
48,Male,32550.48,30,3,112.03,4,0
64,Female,61948.06,25,2,124.94,5,0
53,Female,54107.26,71,6,50.42,4,0
62,Female,66027.32,26,4,85.58,3,0
41,Male,69299.88,56,14,90.14,1,0
69,Female,77054.66,22,5,59.14,3,0
32,Female,57402.76,19,5,42.53,4,1
46,Male,77835.18,31,8,69.62,1,0
25,Male,37436.06,26,8,82.41,4,1
22,Male,71361.28,42,7,80.97,4,0
46,Female,63269.03,41,6,140.61,4,0
64,Female,59195.67,23,10,68.21,1,0
21,Male,63005.18,47,4,157.03,4,0
29,Female,37706.7,13,9,28.29,4,0
62,Male,33458.56,66,8,155.27,3,1
19,Male,85776.91,66,6,142.47,5,0
44,Unknown,51963.0,16,6,24.45,2,0
48,Female,51706.12,28,10,122.36,4,0
68,Female,35158.43,35,8,103.5,3,0
68,Male,28327.99,41,9,67.47,4,0
53,Female,53410.26,31,4,187.53,4,0
53,Female,48851.42,32,4,75.27,2,0
43,Male,55031.22,54,8,130.66,4,0
60,Female,56568.77,59,6,85.49,4,0
44,Female,99810.3,41,4,140.88,4,0
22,Female,48905.56,66,4,78.36,2,1
37,Male,83438.92,54,6,76.84,3,0
28,Female,84556.44,40,10,122.35,4,0
27,Female,68565.24,28,6,80.02,2,0
57,Male,50767.73,37,5,78.41,4,0
55,Female,30493.5,65,2,97.06,1,1
23,Female,63602.99,55,8,106.58,3,0
25,Male,73338.62,4,6,107.48,5,0
40,Male,86458.37,10,5,128.58,4,1
64,Female,37900.76,47,10,109.05,4,0
43,Female,50616.52,14,2,106.24,5,0
63,Female,38010.44,38,10,47.12,4,0
60,Male,43597.4,12,1,145.69,4,0
29,Unknown,66958.98,45,6,89.66,5,0
43,Male,42772.51,17,4,42.36,4,0
30,Male,40163.12,35,7,149.85,4,0
57,Female,69345.93,66,3,72.78,3,0
35,Male,63113.3,41,4,55.19,5,0
42,Male,61300.2,67,5,124.9,3,0
50,Male,43248.03,29,5,91.52,1,1
64,Male,78274.42,18,4,117.66,2,1
57,Male,55260.82,20,3,77.04,2,0
60,Unknown,97843.42,14,7,40.46,3,0
29,Male,57900.99,34,9,67.7,4,0
61,Female,12999.74,49,11,160.49,4,0
53,Female,12198.24,54,7,51.34,2,0
65,Female,66231.1,31,9,144.6,4,0
21,Male,78408.89,58,5,116.93,4,0
22,Female,40891.09,42,7,101.9,4,0
54,Female,92817.62,58,7,125.08,3,0
25,Female,84933.98,30,4,156.99,5,0
59,Female,58789.84,25,6,155.37,3,0
66,Female,64710.17,63,4,82.1,2,0
45,Male,71101.54,19,5,77.83,3,0
48,Female,89019.91,8,6,129.33,4,1
26,Female,67278.45,3,3,71.17,4,1
68,Female,58382.77,67,5,51.65,2,0
46,Unknown,67101.42,17,7,67.03,2,1
31,Male,64672.49,14,9,41.94,4,0
57,Unknown,71639.38,9,7,81.2,4,0
58,Male,26739.58,62,6,126.56,3,0
39,Male,60685.36,21,6,93.56,5,1
28,Male,63287.93,37,7,70.04,5,0
40,Male,53688.75,11,3,82.77,2,1
18,Female,69115.0,20,7,111.24,4,0
63,Male,89581.02,35,10,96.51,1,0
54,Male,57487.91,53,6,70.33,4,0
38,Female,67450.98,47,8,133.35,3,0
43,Female,83912.77,52,5,104.09,2,0
63,Female,57908.16,8,5,93.95,4,1
53,Female,39007.66,4,9,190.89,4,0
40,Female,66084.02,27,3,102.01,2,1
18,Male,15370.01,44,4,55.32,1,1
68,Male,13629.39,40,11,31.33,3,0
57,Female,60994.22,47,6,29.33,4,0
32,Male,12790.53,44,10,99.69,4,0
38,Female,31326.98,48,2,113.37,4,1
64,Male,48158.23,52,5,171.61,4,0
26,Male,42014.51,68,3,163.26,4,0
26,Female,52339.48,11,8,90.2,4,0
27,Female,75031.66,4,7,84.5,4,0
69,Female,59292.65,48,6,72.37,4,0
43,Female,39892.23,26,7,147.28,5,0
58,Male,79379.94,39,7,92.14,3,0
52,Male,29280.57,58,7,66.5,3,0
69,Female,58993.9,19,8,92.25,2,0
42,Female,27278.45,58,7,87.36,4,0
43,Male,59541.72,28,4,81.88,3,0
28,Female,49264.71,66,12,70.77,3,0
55,Male,74480.28,10,7,158.14,5,0
19,Male,67972.41,58,7,88.09,5,0
24,Male,44431.49,14,6,73.29,5,0
35,Female,40979.09,15,12,64.29,2,0
44,Female,49328.26,33,5,115.88,5,0
51,Male,88760.29,17,8,130.69,3,0
44,Female,84143.23,24,2,80.3,1,1
34,Male,37571.17,30,12,73.33,3,0
60,Male,69404.06,62,3,149.66,4,0
61,Male,23834.23,13,4,60.49,2,0
68,Male,46947.84,62,4,86.21,4,0
41,Male,38303.84,47,2,95.63,4,0
42,Female,74247.03,16,6,109.37,3,0
24,Female,31767.08,66,10,93.35,3,1
69,Female,62728.3,43,4,16.2,3,0
23,Male,55012.78,8,8,117.67,5,0
41,Male,51841.92,3,6,16.4,1,0
50,Male,85088.49,12,4,70.59,3,0
66,Male,86674.55,16,6,18.5,3,0
46,Female,52400.93,59,9,158.12,5,0
60,Male,48773.51,49,2,63.15,2,0
39,Female,27876.28,63,7,68.92,3,0
43,Female,54923.34,62,6,112.32,3,0
45,Male,90159.46,49,6,117.66,5,0
67,Female,52682.76,51,9,40.09,2,0
38,Female,68117.67,33,4,126.22,4,0
66,Female,29845.05,30,3,112.39,2,1
24,Female,47174.05,59,5,60.19,5,0
34,Male,63324.38,15,4,109.94,4,0
37,Male,56905.52,23,6,74.75,4,0
58,Male,69844.01,45,11,130.99,3,0
66,Male,44151.91,62,10,155.6,3,0
37,Female,23500.21,71,8,133.35,2,0
39,Male,75197.62,15,1,167.54,4,1
45,Female,38149.31,46,5,100.37,5,0
57,Female,64118.87,64,5,55.88,3,0
66,Male,63115.42,46,11,91.66,5,0
24,Male,25052.44,56,7,86.58,2,0
18,Female,73884.26,44,5,92.63,5,0
49,Female,44801.79,29,9,82.26,3,0
30,Female,55990.98,62,6,126.09,3,0
47,Male,48552.71,52,5,86.97,3,0
40,Male,84206.65,54,5,98.95,4,0
68,Male,79182.82,57,2,47.36,4,0
36,Male,22377.98,66,7,94.85,3,0
49,Female,95658.89,22,11,55.99,4,0
47,Female,42790.48,20,6,47.81,1,1
46,Female,92843.86,33,9,140.48,3,0
66,Female,50388.23,25,6,132.24,3,0
62,Female,48863.5,46,11,147.81,4,0
46,Male,50548.1,57,5,126.01,4,0
47,Male,47785.79,5,5,159.24,4,0
33,Female,100439.14,55,7,59.15,4,0
57,Male,53625.46,61,15,42.06,3,0
36,Female,49558.66,8,7,58.82,4,1
35,Female,56386.19,16,14,123.88,1,0
18,Male,37587.97,48,1,87.11,4,0
31,Female,83748.17,61,1,103.51,2,0
68,Female,28520.54,15,9,183.0,4,0
64,Female,43947.85,65,3,67.69,4,0
67,Female,71859.89,22,5,54.32,3,0
19,Female,55762.34,3,3,164.83,4,1
45,Male,64885.87,54,7,93.66,1,0
66,Male,82596.95,14,6,83.49,2,1
67,Female,73068.43,36,6,147.5,4,0
47,Female,57474.57,67,8,138.53,5,0
55,Male,92608.17,10,10,223.78,3,0
68,Male,43689.95,49,5,124.13,3,0
21,Female,53194.43,65,9,68.25,4,0
18,Female,54452.07,57,9,61.75,4,0
25,Female,53156.41,27,7,69.3,3,1
46,Female,35754.21,5,5,159.47,5,1
56,Male,26494.3,71,7,126.94,4,0
20,Male,62509.63,57,11,60.84,1,0
49,Female,43597.47,15,4,139.59,2,0
27,Male,89340.56,30,2,84.95,3,0
27,Male,53694.24,20,10,94.4,4,0
36,Male,50473.19,37,1,150.99,2,0
63,Female,74698.12,3,5,103.6,5,0
51,Female,62239.47,41,8,173.89,3,0
50,Male,51840.69,39,2,36.32,4,1
40,Male,43466.83,26,9,158.73,1,0
45,Female,120838.63,2,6,106.85,5,0
49,Unknown,61512.14,23,7,147.58,4,0
67,Male,74519.73,23,7,36.37,2,0
24,Female,36586.98,16,9,53.58,5,0
46,Male,44596.26,9,11,145.48,3,0
25,Female,93022.23,13,7,48.41,4,0
18,Male,80144.76,28,7,75.39,4,0
20,Male,63237.2,27,3,93.64,4,0
41,Female,48131.72,51,9,129.14,5,0
40,Female,50787.36,64,2,143.84,5,0
25,Male,42830.01,52,6,111.93,5,0
64,Female,34176.71,38,8,173.5,2,0
54,Male,71629.2,65,3,118.1,3,0
20,Female,64698.96,18,5,78.28,4,0
68,Male,68249.42,63,5,139.97,4,0
50,Female,48935.84,51,3,77.68,4,0
45,Male,59601.5,9,3,114.31,1,1
64,Female,47223.21,13,7,83.37,5,0
25,Female,41908.45,40,7,31.96,5,0
51,Female,85007.12,55,7,122.61,3,0
52,Female,57187.13,43,5,91.99,2,0
49,Female,64134.18,44,5,57.19,1,0
41,Male,70043.57,68,7,258.9,3,0
31,Male,57412.74,33,9,125.06,4,0
49,Female,59331.39,24,10,120.75,5,0
63,Male,35440.75,36,12,36.84,2,0
60,Female,38869.93,10,7,80.34,4,0
33,Unknown,37939.33,20,8,87.31,4,0
21,Male,65898.25,12,10,99.86,3,0
69,Female,56276.03,62,3,58.48,4,0
54,Male,38871.43,18,4,79.98,4,0
38,Female,65441.78,63,7,82.31,5,0
31,Male,64782.22,25,6,83.16,3,0
48,Male,42490.61,12,6,78.78,4,0
65,Female,54499.1,21,5,180.09,3,0
35,Female,64848.55,25,8,125.12,2,0
24,Female,39549.6,11,7,56.09,2,1
27,Female,65192.08,64,8,105.05,3,0
24,Male,60418.42,50,6,56.2,1,0
50,Female,37014.41,62,7,100.23,3,0
40,Male,58956.34,49,6,77.25,4,0
38,Female,61581.67,14,9,102.89,4,0
36,Female,43731.98,1,4,89.78,1,1
65,Female,45148.89,25,6,37.92,3,0
36,Female,36848.44,59,9,102.5,4,0
53,Male,46918.02,69,5,75.04,3,0
46,Female,54782.52,5,10,109.33,3,0
35,Male,45198.6,19,6,119.37,4,0
19,Female,28272.02,23,6,56.74,1,1
18,Male,42605.42,9,6,88.59,3,0
64,Female,47488.74,50,8,33.7,2,0
22,Female,69703.1,16,3,116.02,2,0
37,Male,65705.77,33,5,108.78,5,0
28,Male,70051.98,2,5,41.06,3,0
59,Female,41697.66,14,4,43.73,4,0
19,Male,57547.91,1,6,65.28,4,0
20,Male,11385.16,58,6,88.7,1,0
40,Male,62720.57,16,4,98.74,3,1
29,Male,65996.16,47,5,98.63,5,0
37,Female,48670.75,44,4,49.54,5,0
22,Female,60317.74,14,6,89.57,3,1
54,Male,27731.36,24,9,32.41,3,0
55,Male,40580.79,55,5,96.48,4,0
47,Male,68778.09,15,3,107.94,3,0
26,Male,64202.56,34,8,63.69,2,0
51,Male,47586.62,2,5,220.23,3,1
61,Male,69604.52,27,1,53.64,3,1
52,Male,57489.37,23,4,128.09,1,1
69,Female,45924.02,68,5,54.46,3,0
39,Male,51709.11,14,10,61.28,4,0
61,Female,46802.48,63,8,98.23,4,0
41,Female,33692.03,65,3,280.87,1,0
34,Female,77620.34,68,5,141.22,3,0
27,Female,44775.56,63,6,48.97,4,0
47,Female,40017.51,64,9,118.98,1,0
63,Female,27471.73,32,7,131.43,1,1
40,Female,7552.58,13,4,96.48,3,0
49,Female,67626.94,66,7,133.5,2,0
34,Female,69284.96,19,6,154.98,5,0
67,Female,76474.69,24,7,59.37,4,0
68,Male,52317.29,11,6,99.85,3,1
34,Male,49204.13,59,11,68.96,4,0
31,Male,45860.98,15,6,64.18,3,0
26,Female,47501.96,10,7,50.57,2,0
57,Female,75156.23,41,2,213.59,3,0
19,Female,54522.73,27,6,101.67,4,0
62,Female,61805.27,60,5,140.03,1,0
42,Male,47043.88,52,6,102.68,3,0
56,Male,78775.26,28,6,121.07,2,0
26,Female,20714.7,65,6,53.13,2,0
39,Female,33030.56,17,10,44.29,4,0
60,Unknown,61834.79,44,9,28.49,4,0
63,Male,86510.99,10,7,106.99,4,0
21,Female,50948.2,63,13,35.86,4,0
43,Female,39837.33,47,6,43.84,5,0
46,Female,73011.93,38,5,106.37,1,0
62,Female,60826.57,70,6,122.29,2,0
51,Female,78223.85,53,13,239.59,3,0
40,Male,31773.68,44,5,38.01,3,0
54,Female,76810.03,54,8,55.86,3,0
28,Female,27127.77,20,6,65.85,2,1
23,Female,49812.9,31,3,99.15,2,1
35,Female,62430.09,7,3,31.53,4,0
38,Male,58348.24,58,4,180.29,5,0
59,Male,74090.66,10,2,74.7,3,0
53,Unknown,22120.12,10,7,64.43,1,1
58,Female,57538.13,39,10,42.45,4,0
55,Female,76593.56,28,9,39.79,3,0
51,Male,56067.3,30,5,97.63,3,0
34,Female,34437.89,37,8,120.02,3,0
54,Female,73135.13,67,3,71.65,4,0
42,Female,43330.42,43,11,43.99,4,0
55,Male,40162.19,52,6,48.34,4,0
29,Female,37897.56,56,3,111.12,3,0
40,Female,51423.67,68,2,178.15,3,0
59,Male,58295.08,9,6,237.64,2,0
39,Female,32156.2,23,10,81.96,5,0
38,Female,35854.37,63,7,81.04,4,0
44,Female,42499.31,61,5,132.6,1,0
48,Female,37810.2,40,10,92.99,4,0
23,Male,55661.65,44,5,43.21,3,0
44,Male,61501.99,24,3,84.27,5,0
57,Male,59029.73,51,3,103.67,4,0
51,Male,59055.97,58,4,97.25,2,0
29,Female,85077.85,33,2,80.39,4,0
62,Male,62626.3,16,5,132.28,4,0
24,Female,69111.36,22,4,100.35,2,0
27,Unknown,47536.92,57,7,28.13,4,0
62,Female,71992.11,62,7,79.0,4,0
34,Female,46677.65,71,7,95.07,1,0
43,Female,62406.07,70,9,31.88,4,0
38,Female,30315.4,30,5,96.15,4,1
45,Male,57992.21,23,9,147.84,2,0
63,Male,37443.16,32,6,39.78,3,0
19,Female,71848.64,57,5,67.2,4,0
60,Female,70765.78,9,6,97.16,2,0
18,Female,46600.71,31,8,123.82,5,0
68,Female,91892.35,71,12,88.47,1,0
53,Female,49854.19,9,4,51.97,2,0
68,Male,25983.66,13,3,168.71,2,1
43,Unknown,40975.88,58,7,183.92,4,0
46,Female,36205.46,3,8,70.89,4,1
38,Male,61832.84,35,6,68.75,3,0
28,Female,32763.47,21,6,95.09,3,1
57,Male,45294.15,64,4,71.79,4,0
28,Female,60661.94,52,5,95.74,1,0
53,Female,57495.63,34,15,123.98,3,0
66,Male,54772.41,35,7,105.17,1,1
56,Female,57268.01,15,2,87.22,1,1
57,Female,48331.0,6,3,59.42,3,0
52,Male,26132.46,32,7,184.6,2,0
51,Male,47856.91,52,4,119.42,3,0
64,Female,63437.5,28,5,131.57,4,0
41,Male,52535.17,64,6,188.99,2,0
39,Male,62046.79,19,5,47.25,4,0
22,Male,44437.91,15,8,87.41,4,0
50,Male,72898.05,6,9,166.38,3,1
53,Female,8986.28,38,9,172.89,4,0
64,Female,57545.93,26,5,85.77,3,0
37,Male,79279.85,51,7,210.02,2,0
36,Female,81958.57,53,8,106.83,5,0
52,Male,50827.13,56,6,134.8,4,0
69,Female,31128.43,59,4,99.83,5,0
60,Unknown,79596.51,70,9,120.97,4,0
34,Male,54066.43,58,6,55.92,1,0
62,Female,52138.55,13,10,149.33,2,0
60,Female,38928.62,43,6,71.58,2,0
51,Male,32502.03,51,4,250.39,5,0
26,Male,65149.54,19,6,60.54,5,0
43,Male,67057.69,21,6,92.71,4,0
19,Female,58627.79,24,5,81.35,2,0
26,Unknown,41247.18,26,4,47.41,2,1
26,Female,35830.02,45,5,175.67,4,0
57,Female,29219.52,28,8,68.56,5,0
34,Female,44910.19,29,9,102.13,2,0
18,Female,36894.64,17,8,63.32,1,0
42,Female,24232.43,68,11,150.98,3,0
60,Male,66724.21,44,6,87.55,1,0
57,Female,31256.85,61,12,107.69,4,0
59,Female,72710.61,68,10,92.44,4,0
42,Male,62093.29,25,8,113.81,4,0
56,Female,60298.14,67,3,171.02,3,0
52,Male,84975.56,2,9,92.79,3,0
20,Female,31855.55,49,6,123.85,2,0
67,Female,70727.9,70,9,88.74,4,0
54,Male,49642.43,26,3,57.86,4,0
61,Male,101279.26,27,6,107.98,3,0
61,Male,48145.7,18,2,61.39,3,0
68,Female,45238.45,54,11,85.49,1,0
47,Male,62659.64,1,5,41.34,1,1
55,Female,51239.65,61,3,103.74,4,0
51,Male,41347.67,3,5,90.32,4,1
29,Unknown,37535.02,68,3,101.55,3,0
36,Female,81247.68,41,9,102.79,4,0
54,Female,34057.69,37,10,117.88,4,0
61,Female,59015.58,51,7,125.9,3,0
66,Female,74011.31,15,12,242.26,2,0
34,Female,74880.91,8,5,186.56,4,0
27,Male,44170.26,38,6,124.44,4,0
66,Male,51288.67,56,3,83.67,2,0
64,Male,47796.52,47,12,84.45,4,0
29,Male,27369.66,10,6,30.63,3,0
33,Male,64675.31,49,12,61.25,4,0
41,Female,55693.07,41,7,89.05,5,0
36,Unknown,80930.53,30,4,107.68,4,1
25,Male,40182.31,5,4,287.78,4,1
48,Female,74596.54,71,5,116.22,1,0
38,Male,75866.21,31,3,126.63,4,0
34,Female,55847.29,52,8,56.89,4,0
40,Female,15924.49,23,8,74.33,4,0
54,Female,45773.78,48,5,89.32,4,0
33,Unknown,87145.68,40,10,47.99,5,0
23,Male,60347.0,6,7,114.87,2,0
25,Female,67481.19,38,4,68.78,2,0
42,Female,53395.0,41,9,53.42,4,0
35,Male,50978.03,27,7,139.64,4,0
42,Female,21387.8,69,9,89.45,5,0
29,Male,69305.31,57,7,110.17,4,0
32,Female,74434.26,17,2,53.86,5,0
43,Male,37884.48,71,9,133.0,4,0
58,Male,51780.61,47,1,120.11,2,0
62,Female,49352.66,13,7,99.63,4,0
43,Female,62562.76,11,3,131.43,2,1
64,Male,45201.46,24,5,74.46,3,0
49,Male,71764.14,4,4,81.56,3,1
27,Female,56283.84,46,5,80.17,3,0
33,Male,9110.38,18,4,43.03,3,0
24,Male,62968.96,43,2,87.63,2,1
34,Female,72934.32,33,3,96.0,3,0
40,Female,34262.89,10,7,72.08,1,1
43,Male,62357.08,59,0,89.51,3,0
38,Female,87939.27,31,9,92.38,4,0
39,Female,57017.19,28,5,127.94,5,0
24,Female,75549.32,60,4,130.9,4,0
31,Female,47041.21,3,3,176.69,3,1
32,Male,54676.64,55,7,74.64,4,0
24,Male,51316.82,14,3,155.2,3,1
26,Male,48031.83,58,3,143.27,1,0
68,Female,52341.0,15,6,51.1,4,0
65,Male,25647.73,2,8,148.2,4,1
25,Female,49044.16,24,5,51.21,4,0
67,Male,79080.52,64,5,100.84,4,0
40,Male,37653.58,71,7,159.95,2,0
46,Female,35809.6,24,5,32.43,5,0
35,Male,56101.82,27,5,122.14,4,1
48,Male,57001.3,37,3,53.98,4,0
47,Female,61794.36,39,10,178.6,4,0
69,Male,52952.71,63,4,141.2,3,0
56,Female,56293.55,26,7,46.13,1,0
52,Female,48684.07,65,6,77.0,2,0
35,Male,32035.67,4,4,165.44,2,1
59,Female,53714.95,29,7,111.58,3,0
56,Female,68042.75,1,6,129.88,3,1
34,Male,64270.98,50,3,81.45,5,0
31,Male,23603.64,11,12,144.25,5,0
48,Male,59534.66,59,8,197.29,4,0
41,Female,38930.15,62,3,57.76,1,0
52,Male,80058.95,36,8,79.25,3,0
61,Female,60872.86,56,6,111.67,4,0
62,Female,71133.11,21,7,88.69,2,0
51,Female,55381.03,13,5,110.49,4,0
20,Male,53811.01,9,7,120.71,5,0
54,Male,81925.21,11,10,88.92,3,0
60,Female,72509.94,70,4,72.94,4,0
57,Male,57121.46,1,4,100.76,2,1
43,Male,51406.0,70,5,49.92,4,0
40,Male,24270.85,56,5,69.28,1,0
61,Male,60842.22,31,5,82.9,2,1
56,Female,52730.13,37,14,96.95,4,0
32,Male,64971.21,47,10,172.55,4,0
66,Male,70440.74,47,7,39.73,4,0
21,Male,77192.58,69,6,98.47,3,0
46,Female,61065.87,58,2,129.69,4,0
39,Female,36165.51,36,3,86.54,4,0
42,Male,16312.36,32,9,74.3,5,0
30,Female,40155.4,64,8,92.37,5,0
35,Female,79002.79,71,3,75.13,4,0
50,Female,87822.85,42,7,59.27,4,0
33,Female,50717.79,48,7,65.89,4,0
62,Male,28702.73,30,4,66.46,2,1
59,Male,43328.56,21,8,241.38,2,0
61,Male,75480.5,60,10,105.87,4,0
19,Male,44361.76,13,12,90.09,4,0
52,Unknown,65604.23,1,5,60.61,4,1
59,Male,58034.05,65,6,185.93,3,0
51,Male,67780.06,33,7,126.45,1,0
47,Female,87724.2,38,6,133.53,3,1
30,Female,65616.07,25,6,174.27,3,0
30,Male,57644.49,26,4,75.38,4,0
35,Male,89710.72,59,7,176.27,5,0
49,Male,61291.94,33,3,110.16,2,0
49,Female,40726.95,41,6,152.41,4,0
52,Male,67374.38,30,5,96.93,3,0
56,Male,63054.2,57,4,76.18,5,0
63,Female,49457.76,49,2,132.76,5,0
69,Male,45683.45,48,6,56.13,3,0
46,Female,49631.33,49,8,125.96,5,0
66,Female,45425.99,47,7,24.36,4,0
46,Male,50216.32,56,2,44.43,2,0
61,Female,39829.66,65,11,64.39,4,1
33,Female,61950.78,12,9,87.96,2,0
61,Male,60601.62,69,6,135.62,4,0
64,Female,61213.63,6,7,68.24,5,0
27,Female,53877.35,65,8,116.73,4,0
47,Female,51802.06,25,7,89.67,3,1
42,Male,80956.1,1,3,148.71,3,1
56,Unknown,56213.31,32,6,61.24,1,1
37,Male,77747.8,3,6,81.81,3,0
22,Male,37064.51,49,6,162.62,2,0
18,Male,65605.2,19,8,58.1,4,0
47,Male,41775.35,60,7,123.81,4,0
66,Female,44989.27,29,8,36.55,4,0
20,Male,47585.69,50,1,169.07,1,0
62,Male,46457.22,2,8,64.71,3,0
31,Female,46547.12,56,4,67.76,3,0
47,Male,76910.95,17,7,49.33,2,0
67,Male,55817.4,60,4,119.75,3,0
21,Male,59051.0,36,8,101.52,3,0
35,Male,46771.12,61,5,59.93,4,0
54,Male,70424.91,17,7,93.49,5,0
42,Female,61391.01,49,5,230.2,3,0
65,Male,49439.28,60,9,147.35,4,0
18,Male,26482.89,20,8,162.07,2,0
63,Female,58893.34,50,3,66.87,5,0
32,Female,65362.23,3,4,62.1,2,0
26,Male,37380.74,43,9,39.57,2,0
32,Female,49682.9,57,4,108.99,2,0
66,Male,64668.89,50,1,82.91,3,0
41,Female,26723.29,68,2,167.69,4,0
21,Female,43320.66,50,7,162.31,5,0
29,Male,61784.36,37,4,118.46,4,0
54,Female,74890.33,46,9,52.01,3,0
54,Male,94344.04,42,11,49.98,4,0
60,Female,90255.79,15,5,29.62,4,0
23,Male,57587.85,33,8,60.68,4,0
56,Female,46283.92,11,5,51.99,4,0
63,Female,71616.2,20,7,122.23,4,0
41,Female,45215.33,24,3,80.58,4,1
28,Male,41282.28,64,5,72.76,4,0
30,Female,49505.21,65,6,89.74,2,0
51,Female,47247.88,17,6,96.43,2,0
42,Female,62427.35,61,5,69.79,4,0
24,Female,44156.77,15,10,82.15,5,0
69,Female,56532.2,51,9,127.72,3,0
21,Male,83709.16,27,6,137.99,5,0
25,Male,57198.53,61,7,51.55,2,0
37,Female,82301.36,58,1,86.26,3,0
46,Male,76637.02,31,3,175.97,3,0
68,Unknown,65656.72,12,3,177.84,5,0
62,Female,48625.25,46,14,168.03,3,0
63,Female,73729.14,31,4,113.0,3,0
27,Male,50500.45,32,6,84.1,2,0
60,Female,54963.83,32,7,31.9,4,0
51,Female,60943.58,53,4,57.06,5,0
43,Female,54903.39,61,5,90.54,3,1
58,Female,42035.18,46,2,129.69,4,0
66,Male,27512.22,7,7,117.64,5,0
20,Female,72264.39,4,6,50.08,1,0
23,Female,65266.16,52,6,74.92,4,0
22,Male,24029.0,31,10,171.32,3,0
22,Male,41557.83,36,6,85.96,2,0
64,Female,58223.18,54,7,15.75,4,0
40,Female,62966.3,54,7,118.35,4,0
66,Unknown,27667.83,17,5,76.94,3,0
26,Female,53393.7,30,8,38.75,1,0
52,Male,64713.78,22,6,103.59,5,0
37,Male,48672.79,43,8,84.2,4,0
66,Male,59604.93,27,5,87.7,3,1
59,Male,46224.07,37,6,97.42,4,0
52,Male,71365.53,46,5,59.42,1,0
67,Male,40612.86,35,7,95.08,3,1
35,Male,34442.59,4,6,60.51,4,1
34,Female,55520.68,26,2,118.71,4,0
41,Male,29196.53,19,4,307.94,2,0
20,Female,17108.0,45,5,67.47,4,0
49,Female,74507.24,26,6,172.27,3,0
52,Male,37283.96,22,8,90.57,4,1
55,Male,30994.27,58,9,96.86,3,0
30,Male,40388.34,63,8,85.81,3,0
64,Male,39580.29,28,6,66.65,2,0
42,Female,52441.99,65,4,74.02,4,0
26,Male,35317.24,44,11,198.26,3,0
21,Male,63967.35,43,5,59.4,1,1
31,Male,66632.21,37,12,143.47,1,0
54,Unknown,32050.15,66,8,78.79,3,0
51,Female,43874.26,17,4,35.36,2,1
28,Female,45584.97,40,2,94.59,4,0
58,Male,52029.87,38,5,233.87,3,0
20,Female,74488.3,61,8,133.01,4,0
45,Female,75525.64,9,3,24.45,5,1
46,Female,99979.61,61,5,127.22,4,0
26,Unknown,14151.27,16,10,82.43,4,0
20,Male,38362.68,2,3,52.96,4,1
42,Female,87652.17,43,3,77.08,5,0
51,Female,22587.39,42,8,54.37,2,0
29,Male,87242.77,57,1,37.0,4,0
59,Male,57652.32,67,9,64.03,5,0
26,Unknown,58314.39,30,7,70.48,3,0
32,Male,31963.64,13,2,69.48,3,1
57,Female,46879.06,19,8,76.18,5,0
42,Unknown,86452.77,7,6,67.19,4,1
22,Female,54141.7,9,7,92.45,3,0
28,Male,46999.02,54,9,170.54,4,0
51,Female,62302.95,61,8,39.05,3,0
41,Male,51540.08,2,9,109.86,2,1
32,Female,61212.72,50,5,109.32,4,0
55,Male,39704.66,31,8,55.04,4,0
25,Female,53611.25,33,7,153.58,4,0
22,Female,43460.63,11,9,39.87,3,0
65,Female,22528.6,33,5,127.57,4,0
43,Female,63675.24,7,7,97.4,3,0
35,Female,32792.09,31,3,53.68,4,0
23,Female,52034.66,48,8,171.99,2,0
54,Male,71669.23,47,5,38.56,3,0
65,Female,28039.36,53,6,156.78,5,0
30,Male,65884.31,19,7,67.6,2,0
45,Female,49603.36,6,5,82.57,4,0
22,Male,37602.58,49,9,52.3,3,1
30,Male,91412.62,50,6,70.32,1,0
34,Female,54989.99,12,6,135.99,2,1
67,Male,44774.33,23,7,107.42,4,0
57,Male,40956.17,54,6,191.34,3,0
62,Female,70860.92,69,3,56.71,4,0
49,Female,43982.99,59,8,77.27,4,0
46,Female,68617.33,36,9,111.08,3,0
68,Male,54955.36,3,11,111.34,3,0
20,Female,75091.39,58,2,80.35,3,0
57,Male,36234.29,55,3,49.31,5,0
51,Female,38744.86,57,6,159.75,3,0
57,Female,49941.9,17,4,56.77,2,1
44,Female,51434.8,39,7,68.71,3,0
30,Male,48617.97,68,7,331.58,4,0
62,Male,102365.93,55,4,80.62,4,0
50,Male,92138.45,45,5,106.26,5,0
23,Male,60382.99,1,4,53.77,5,0
41,Male,62505.5,21,6,79.34,3,0
36,Female,50744.22,21,7,132.08,3,1
33,Male,36103.14,52,5,177.71,4,0
57,Female,51722.7,43,4,63.41,5,0
45,Male,68880.12,52,6,37.63,3,0
50,Female,78501.28,67,10,109.69,3,0
65,Female,72922.75,44,9,42.54,5,0
58,Male,27824.06,32,5,103.26,3,0
30,Male,49793.9,10,4,83.8,4,0
60,Female,28560.38,64,5,35.79,5,0
62,Male,76039.18,69,6,80.97,4,0
42,Female,47577.08,68,5,55.26,3,0
59,Female,54152.02,28,6,193.94,3,0
53,Female,63640.9,53,4,75.14,3,0
44,Male,104790.52,51,10,125.95,5,0
55,Female,59828.95,53,10,95.66,5,0
24,Female,50711.12,4,9,118.06,4,1
22,Female,32661.24,17,2,168.16,4,0
60,Male,81255.51,67,8,55.4,1,0
62,Female,51730.54,47,8,61.79,4,0
68,Female,84828.56,56,13,71.36,3,0
48,Female,74901.04,23,3,166.79,4,0
40,Male,46666.79,18,4,130.46,4,1
59,Female,29939.03,1,7,85.16,4,1
27,Male,59906.24,35,5,79.08,5,1
49,Female,43931.74,64,7,72.92,1,0
60,Female,55708.23,58,6,109.16,4,0
47,Female,73882.89,59,3,162.98,3,0
56,Female,25235.52,1,8,113.05,4,0
48,Male,59763.05,3,13,92.78,4,0
35,Unknown,68672.73,67,9,120.6,1,0
53,Male,69545.99,37,8,67.37,3,0
19,Female,30456.24,29,7,176.53,2,0
31,Female,62548.06,33,5,176.34,2,0
30,Female,76663.66,61,9,90.17,4,0
46,Male,61178.21,4,7,64.52,3,0
29,Female,52917.5,14,8,64.51,3,0
56,Female,75513.03,33,5,78.1,3,0
19,Male,42502.26,22,5,105.25,4,0
49,Female,27463.01,48,6,34.98,4,1
30,Male,51389.24,3,6,83.6,3,0
63,Male,64630.81,23,11,133.66,4,0
44,Male,73700.86,68,8,75.89,4,0
66,Male,64549.05,21,1,60.82,2,0
58,Female,70044.78,43,5,101.53,4,0
34,Male,73815.61,26,7,84.53,3,0
57,Male,48891.21,41,9,120.29,2,1
48,Male,52337.09,38,9,49.87,4,0
51,Female,78169.02,11,4,103.0,2,1
41,Female,33217.17,29,11,138.36,4,0
62,Male,62724.39,60,7,26.31,1,1
52,Male,42099.24,67,3,163.02,2,0
65,Female,74804.71,65,8,104.85,4,0
23,Male,54677.16,61,8,63.89,4,0
36,Female,55136.69,19,4,166.77,4,0
47,Male,86119.84,46,9,26.45,3,0
24,Female,35631.23,49,6,57.91,5,0
27,Male,58884.75,22,9,80.1,5,0
58,Female,51757.73,57,1,38.94,4,0
49,Male,64583.4,14,5,88.43,4,0
51,Unknown,89727.95,44,3,79.41,4,0
45,Male,44105.65,16,9,50.94,1,0
32,Female,33446.84,12,12,114.82,3,0
47,Male,40432.11,55,12,126.46,2,0
54,Male,50809.27,51,5,183.34,5,0
46,Female,56156.16,39,7,81.31,2,0
39,Male,57061.52,33,4,48.2,4,0
21,Female,87447.9,33,7,52.78,3,0
37,Female,84247.1,29,5,153.47,4,0
49,Female,78453.04,69,3,95.46,2,0
53,Male,100259.9,70,4,84.55,4,0
67,Female,69833.77,31,6,141.29,2,0
21,Male,74950.39,31,8,65.97,5,0
44,Female,69485.87,46,2,167.85,5,0
34,Female,66536.3,52,10,70.4,4,0
29,Female,62099.14,10,4,134.92,1,0
39,Female,47856.57,41,9,93.51,2,0
34,Female,32557.99,3,7,98.48,5,1
27,Male,52648.23,59,2,80.97,2,0
18,Female,65183.93,52,2,166.85,2,0
39,Male,56300.71,34,6,61.24,4,0
43,Female,35823.96,49,8,145.28,3,0
35,Female,52014.11,28,3,55.57,2,1
67,Female,51075.95,13,5,34.44,4,0
31,Male,53877.62,69,3,113.24,3,0
64,Female,63836.48,67,5,87.45,2,0
46,Male,67712.64,61,2,91.51,4,0
29,Male,45999.07,60,6,43.84,3,0
53,Male,72660.18,71,9,87.49,4,0
52,Male,75369.49,24,7,67.67,2,0
69,Male,60765.43,63,5,201.72,4,0
29,Female,66965.5,61,10,120.75,3,0
24,Male,72716.17,23,3,94.47,3,0
46,Male,35242.4,30,4,136.85,3,0
28,Female,73985.16,60,7,78.0,1,0
50,Male,40778.9,18,6,96.54,5,1
23,Female,42531.37,56,4,76.79,3,0
64,Female,58533.21,53,2,69.13,4,0
32,Female,16407.28,7,9,104.61,5,1
49,Female,58161.17,69,1,136.48,4,0
68,Female,72672.06,52,7,89.98,3,0
28,Female,25373.37,4,5,60.32,3,1
40,Male,74602.17,34,9,82.22,5,0
43,Female,42421.82,69,5,68.24,4,0
51,Male,58723.51,33,6,77.21,4,0
63,Female,45035.66,69,4,70.4,3,0
51,Male,65312.53,38,6,121.75,5,0
46,Female,73449.06,26,2,223.69,4,0
21,Male,66646.19,1,4,75.79,3,1
34,Female,54928.34,4,8,94.19,4,0
52,Male,46434.6,39,8,70.71,3,0
30,Female,53752.56,54,6,64.6,1,0
58,Female,66807.49,33,6,70.81,4,0
56,Male,67424.8,33,6,28.62,2,0
32,Female,64914.88,20,7,120.8,4,0
46,Female,31913.6,16,9,46.63,3,1
46,Female,54585.6,21,5,111.14,3,1
28,Male,43598.28,45,10,91.22,3,0
69,Male,66968.72,62,5,86.23,5,0
49,Male,41230.51,31,4,123.06,3,0
19,Male,63136.97,42,10,107.75,2,0
64,Female,49920.62,12,4,119.68,4,0
31,Male,21176.27,65,6,118.33,3,0
37,Female,71757.27,3,7,117.9,2,0
39,Male,54544.83,9,8,99.38,1,0
28,Female,77967.59,51,4,175.03,1,0
44,Female,25024.44,16,6,98.28,3,0
20,Female,49752.62,3,2,211.66,3,1
34,Male,51104.72,24,9,65.59,2,0
61,Male,59863.71,13,6,52.81,4,0
45,Male,31146.63,2,3,123.47,2,1
46,Male,64792.68,71,7,29.1,5,0
38,Male,89409.92,21,7,128.71,4,1
64,Male,63541.67,19,6,41.57,1,0
33,Male,56671.7,47,7,87.01,5,0
54,Female,30205.77,22,5,128.41,3,1
37,Male,41063.57,33,8,43.96,3,0
23,Female,53994.79,32,4,82.7,3,0
36,Male,45464.02,64,1,133.36,4,0
22,Female,73472.62,39,6,30.46,4,0
20,Female,64606.66,42,3,100.13,2,0
18,Female,103462.81,9,6,70.71,2,0
55,Female,37344.55,25,10,154.69,4,0
32,Male,55596.06,2,2,76.17,3,1
51,Female,30097.14,19,6,225.68,2,0
52,Male,14996.07,20,6,94.07,4,1
66,Male,68008.98,70,4,88.88,4,0
42,Female,63939.08,17,5,68.06,3,0
41,Female,39617.37,68,5,77.61,3,0
29,Male,56674.53,3,7,124.79,5,0
35,Female,43673.18,51,9,80.65,2,0
32,Female,46104.27,26,4,66.7,4,0
61,Male,49234.88,56,5,46.15,5,0
33,Male,38861.83,64,6,73.82,5,0
44,Male,42100.3,8,2,121.68,1,1
25,Male,42608.16,37,8,66.16,3,0
63,Male,62611.82,27,2,265.67,2,0
42,Male,5064.04,45,5,166.91,5,0
34,Male,50902.67,4,12,30.22,5,0
46,Female,35421.73,37,7,79.44,3,0
25,Female,36072.05,71,5,72.26,4,0
32,Unknown,45538.24,33,6,36.51,5,0
44,Male,54741.89,31,9,73.53,3,0
63,Female,51140.59,55,1,73.32,2,0
67,Female,35846.91,12,9,127.41,1,0
69,Female,67990.54,11,7,141.03,3,1
24,Male,38753.13,32,4,129.01,5,0
20,Female,41775.29,57,3,164.54,5,0
